lat,lon
11.397359773390757,41.49081998261531
11.432627818712486,41.680135986092154
11.467895864034213,41.86945198956897
11.503163909355942,42.05876799304582
11.53843195467767,42.24808399652264
11.573699999999398,42.43739999999946
11.573699999999398,42.43739999999946
11.62831423621039,42.64770883558782
11.682928472421382,42.858017671176185
11.737542708632374,43.06832650676458
11.737542708632374,43.06832650676458
11.791695139088038,43.27888433784287
11.8458475695437,43.48944216892116
11.899999999999364,43.69999999999945
11.899999999999364,43.69999999999945
11.900010614399008,43.70008835651802
11.900010614399008,43.70008835651802
11.925677899933241,43.91658572766249
11.951345185467474,44.13308309880699
11.977012471001705,44.34958046995146
12.002679756535938,44.56607784109593
12.002679756535938,44.56607784109593
12.027680944845464,44.78273808536591
12.05268213315499,44.99939832963588
12.077683321464516,45.216058573905826
12.102684509774042,45.4327188181758
12.102684509774042,45.4327188181758
12.127013382330349,45.649539113631704
12.151342254886655,45.86635940908761
12.175671127442962,46.08317970454351
12.19999999999927,46.299999999999386
12.19999999999927,46.299999999999386
12.349999999999266,46.39999999999944
12.499999999999265,46.49999999999946
12.499999999999265,46.49999999999946
12.512834351182164,46.71245871581414
12.525668702365065,46.92491743162881
12.538503053547966,47.13737614744349
12.551337404730866,47.34983486325817
12.551337404730866,47.34983486325817
12.563503053547949,47.5623761474435
12.575668702365032,47.77491743162881
12.587834351182115,47.98745871581414
12.599999999999199,48.19999999999948
12.599999999999199,48.19999999999948
12.699999999999193,48.349999999999454
12.799999999999187,48.49999999999946
12.899999999999183,48.649999999999466
12.999999999999178,48.79999999999944
12.999999999999178,48.79999999999944
13.01999999999917,48.99999999999946
13.039999999999162,49.19999999999948
13.059999999999155,49.399999999999466
13.079999999999147,49.59999999999948
13.09999999999914,49.79999999999947
13.09999999999914,49.79999999999947
13.199999999999138,49.933333333332826
13.299999999999136,50.06666666666615
13.399999999999133,50.19999999999948
13.399999999999133,50.19999999999948
13.350162246864384,50.36676941213051
13.300324493729635,50.53353882426154
13.250486740594885,50.70030823639257
13.250486740594885,50.70030823639257
13.200324493729621,50.866872157594855
13.150162246864358,51.03343607879714
13.099999999999094,51.19999999999945
13.099999999999094,51.19999999999945
13.287626768427506,51.324596551742076
13.47525353685592,51.4491931034847
13.662880305284332,51.57378965522733
13.850507073712745,51.698386206969985
13.850507073712745,51.698386206969985
14.037880305284322,51.82378965522736
14.2252535368559,51.94919310348476
14.41262676842748,52.07459655174216
14.599999999999056,52.199999999999534
14.599999999999056,52.199999999999534
14.533333333332383,52.39999999999952
14.466666666665708,52.59999999999951
14.399999999999034,52.7999999999995
14.399999999999034,52.7999999999995
14.49999999999903,52.89999999999952
14.599999999999028,52.99999999999952
14.599999999999028,52.99999999999952
14.524999999999022,53.199999999999534
14.449999999999015,53.39999999999952
14.374999999999007,53.59999999999951
14.299999999999,53.7999999999995
14.299999999999,53.7999999999995
14.450087735508788,53.91642541761158
14.600175471018575,54.032850835223655
14.750263206528363,54.14927625283576
14.750263206528363,54.14927625283576
14.900175471018569,54.266184168557004
15.050087735508775,54.383092084278275
15.199999999998981,54.499999999999545
15.199999999998981,54.499999999999545
15.087843800781242,54.70041359154064
14.9756876015635,54.90082718308173
14.86353140234576,55.10124077462282
14.75137520312802,55.301654366163916
14.75137520312802,55.301654366163916
14.638531402345745,55.50124077462283
14.525687601563469,55.700827183081685
14.412843800781195,55.9004135915406
14.299999999998919,56.09999999999948
14.299999999998919,56.09999999999948
14.399999999998919,56.19999999999948
14.49999999999892,56.2999999999995
14.49999999999892,56.2999999999995
14.37518436801022,56.45032638980797
14.250368736021523,56.60065277961644
14.125553104032825,56.75097916942494
14.000737472044126,56.90130555923341
14.000737472044126,56.90130555923341
13.875553104032813,57.05097916942492
13.7503687360215,57.20065277961643
13.625184368010189,57.35032638980795
13.499999999998876,57.49999999999943
13.499999999998876,57.49999999999943
13.366769411429557,57.633549954152386
13.23353882286024,57.76709990830534
13.100308234290921,57.900649862458295
13.100308234290921,57.900649862458295
12.966872156193563,58.03376657497199
12.833436078096208,58.16688328748569
12.69999999999885,58.299999999999386
12.69999999999885,58.299999999999386
12.684871188124568,58.31424735157938
44.53670739426927,-28.756722531682556
44.33965629491655,-28.817591707303336
44.14260519556384,-28.878460882924145
44.14260519556384,-28.878460882924145
43.98360512400101,-28.949660579627846
43.98360512400101,-28.949660579627846
44.0199048364643,-29.235660674168372
44.0199048364643,-29.235660674168372
43.83320478072086,-29.291085319899906
43.64650472497742,-29.34650996563147
43.459804669233975,-29.401934611363004
43.27310461349054,-29.457359257094538
43.27310461349054,-29.457359257094538
43.132304609617904,-29.46120899144347
42.99150460574527,-29.465058725792403
42.99150460574527,-29.465058725792403
42.819254588895916,-29.481808404977244
42.647004572046555,-29.498558084162084
42.647004572046555,-29.498558084162084
42.47410461147947,-29.459357760689272
42.47410461147947,-29.459357760689272
42.35915462873051,-29.442207547664907
42.244204645981554,-29.42505733464057
42.244204645981554,-29.42505733464057
42.12075462807691,-29.442857110232495
41.99730461017226,-29.46065688582445
41.99730461017226,-29.46065688582445
41.88410458889669,-29.481806681898632
41.77090456762112,-29.502956477972816
41.77090456762112,-29.502956477972816
41.638204508716925,-29.561506243046125
41.505504449812726,-29.620056008119406
41.505504449812726,-29.620056008119406
41.349704398196536,-29.671355732774316
41.349704398196536,-29.671355732774316
41.188404386122215,-29.683355446287862
41.188404386122215,-29.683355446287862
41.13660457245034,-29.498155341679023
41.13660457245034,-29.498155341679023
40.97565452375859,-29.54655506092797
40.81470447506684,-29.59495478017692
40.81470447506684,-29.59495478017692
40.61540443814233,-29.63165443360299
40.61540443814233,-29.63165443360299
40.62380422752655,-29.840954461849265
40.62380422752655,-29.840954461849265
40.45450934456286,-29.858412804909705
40.28521446159917,-29.875871147970145
40.115919578635484,-29.893329491030556
39.946624695671794,-29.910787834090996
39.946624695671794,-29.910787834090996
39.77731954383564,-29.92790391319417
39.608014391999475,-29.945019992297347
39.43870924016332,-29.96213607140055
39.269404088327164,-29.979252150503726
39.269404088327164,-29.979252150503726
39.2962038998704,-30.166452206210465
39.2962038998704,-30.166452206210465
39.1253538147017,-30.25102692614695
38.954503729532995,-30.335601646083433
38.78365364436429,-30.420176366019916
38.61280355919559,-30.5047510859564
38.61280355919559,-30.5047510859564
38.43685347543877,-30.587900801089432
38.26090339168194,-30.671050516222465
38.26090339168194,-30.671050516222465
38.25600324701074,-30.81465051477636
38.25600324701074,-30.81465051477636
38.06930314701985,-30.91387521685337
37.882603047028965,-31.01309991893035
37.69590294703807,-31.112324621007332
37.509202847047185,-31.211549323084313
37.509202847047185,-31.211549323084313
37.52350268041846,-31.37684935193974
37.537802513789735,-31.542149380795166
37.537802513789735,-31.542149380795166
37.369302454355605,-31.60109911375224
37.200802394921475,-31.660048846709316
37.200802394921475,-31.660048846709316
37.248782152872224,-31.900028928942334
37.29676191082297,-32.14000901117538
37.344741668773715,-32.3799890934084
37.392721426724464,-32.619969175641415
37.44070118467521,-32.85994925787443
37.44070118467521,-32.85994925787443
37.240751113141734,-32.93084894060786
37.040801041608255,-33.001748623341314
37.040801041608255,-33.001748623341314
37.05880087906075,-33.16284865389167
37.05880087906075,-33.16284865389167
36.85170082084031,-33.22054832814953
36.644600762619866,-33.278248002407395
36.644600762619866,-33.278248002407395
36.65140067513556,-33.364948013875875
36.65140067513556,-33.364948013875875
36.5086006005654,-33.43884779140515
36.36580052599524,-33.51274756893443
36.36580052599524,-33.51274756893443
36.40910027856409,-33.75794763762525
36.40910027856409,-33.75794763762525
36.28395019526147,-33.84049744347345
36.15880011195884,-33.923047249321684
36.15880011195884,-33.923047249321684
35.94673335642218,-34.011113590305854
35.734666600885525,-34.09917993129005
35.522599845348864,-34.18724627227422
35.522599845348864,-34.18724627227422
35.55044966880569,-34.36219631400698
35.578299492262516,-34.537146355739765
35.578299492262516,-34.537146355739765
35.397935692596086,-34.60927466734694
35.217571892929655,-34.68140297895411
35.217571892929655,-34.68140297895411
35.070235560863296,-34.73982417046875
34.92289922879693,-34.79824536198336
34.92289922879693,-34.79824536198336
34.96286335739233,-35.008890091132116
35.00282748598773,-35.2195348202809
35.04279161458313,-35.43017954942965
35.04279161458313,-35.43017954942965
35.08166039370659,-35.64143493163493
35.12052917283006,-35.85269031384021
35.15939795195352,-36.063945696045494
35.15939795195352,-36.063945696045494
34.95669788865784,-36.126712057513885
34.75399782536217,-36.189478418982304
34.55129776206649,-36.252244780450695
34.55129776206649,-36.252244780450695
34.58433089534977,-36.450678156871504
34.617364028633055,-36.64911153329234
34.65039716191634,-36.84754490971315
34.65039716191634,-36.84754490971315
34.440563764552756,-36.91107793067192
34.23073036718917,-36.974610951630666
34.020896969825586,-37.03814397258941
34.020896969825586,-37.03814397258941
34.05459679712747,-37.20954401558032
34.088296624429354,-37.3809440585712
34.088296624429354,-37.3809440585712
33.918571543649385,-37.46114380798679
33.74884646286942,-37.5413435574024
33.579121382089454,-37.62154330681801
33.409396301309485,-37.701743056233596
33.409396301309485,-37.701743056233596
33.41499623796782,-37.76464306162546
33.41499623796782,-37.76464306162546
33.45959215556106,-38.02652789397882
33.50418807315431,-38.28841272633218
33.54878399074755,-38.55029755868554
33.54878399074755,-38.55029755868554
33.59172087879562,-38.81297949211336
33.63465776684369,-39.07566142554117
33.677594654891756,-39.338343358968984
33.677594654891756,-39.338343358968984
33.51896955371694,-39.439068124143176
33.36034445254214,-39.53979288931737
33.20171935136733,-39.64051765449153
33.04309425019252,-39.74124241966575
33.04309425019252,-39.74124241966575
32.99919443025954,-39.56194236846625
32.99919443025954,-39.56194236846625
32.84217863397227,-39.68079914879664
32.685162837684985,-39.79965592912703
32.52814704139771,-39.91851270945742
32.37113124511043,-40.03736948978781
32.37113124511043,-40.03736948978781
32.21367563179177,-40.15458351501246
32.05622001847311,-40.27179754023712
31.898764405154456,-40.3890115654618
31.741308791835795,-40.506225590686455
31.741308791835795,-40.506225590686455
31.583429848638747,-40.621854101273414
31.4255509054417,-40.737482611860344
31.267671962244652,-40.853111122447274
31.109793019047604,-40.968739633034204
31.109793019047604,-40.968739633034204
31.132392875319667,-41.11223965325627
31.132392875319667,-41.11223965325627
30.99649277554298,-41.21190612744792
30.86059267576629,-41.31157260163957
30.724692575989604,-41.41123907583125
30.724692575989604,-41.41123907583125
30.739792444707998,-41.54243908608481
30.739792444707998,-41.54243908608481
30.578132319801448,-41.66737885907756
30.416472194894894,-41.792318632070305
30.254812069988343,-41.91725840506308
30.09315194508179,-42.04219817805583
29.93149182017524,-42.16713795104857
29.93149182017524,-42.16713795104857
29.96224160755851,-42.38008797397157
29.992991394941782,-42.593037996894566
29.992991394941782,-42.593037996894566
29.834991327010428,-42.66113778217954
29.676991259079074,-42.72923756746451
29.518991191147716,-42.79733735274948
29.360991123216362,-42.86543713803445
29.360991123216362,-42.86543713803445
29.388690962210404,-43.02693716018746
29.388690962210404,-43.02693716018746
29.223065875090004,-43.114386936431856
29.057440787969604,-43.201836712676254
28.891815700849207,-43.28928648892065
28.726190613728807,-43.37673626516502
28.726190613728807,-43.37673626516502
28.753640465179217,-43.52598628708341
28.781090316629626,-43.675236309001804
28.781090316629626,-43.675236309001804
28.603940499699544,-43.747690883591616
28.42679068276946,-43.82014545818143
28.24964086583938,-43.89260003277121
28.072491048909296,-43.965054607361026
28.072491048909296,-43.965054607361026
27.895191048976482,-44.03655918863859
27.717891049043672,-44.10806376991616
27.54059104911086,-44.179568351193694
27.363291049178045,-44.25107293247123
27.363291049178045,-44.25107293247123
27.18584719770568,-44.321666815604885
27.008403346233315,-44.39226069873854
26.830959494760947,-44.46285458187222
26.653515643288582,-44.533448465005876
26.653515643288582,-44.533448465005876
26.475934029302543,-44.603169506063864
26.2983524153165,-44.67289054712188
26.12077080133046,-44.74261158817987
25.94318918734442,-44.81233262923786
25.94318918734442,-44.81233262923786
25.944689102003863,-44.89843262314005
25.944689102003863,-44.89843262314005
25.74166401180099,-44.989507367732074
25.538638921598114,-45.08058211232412
25.335613831395243,-45.171656856916144
25.132588741192368,-45.262731601508165
25.132588741192368,-45.262731601508165
25.16103856689586,-45.43893161934443
25.189488392599355,-45.615131637180696
25.189488392599355,-45.615131637180696
25.01343832422385,-45.684331419391384
24.837388255848346,-45.75353120160207
24.661338187472843,-45.82273098381276
24.485288119097337,-45.89193076602345
24.485288119097337,-45.89193076602345
24.515287964974178,-46.04808078683408
24.545287810851022,-46.20423080764476
24.545287810851022,-46.20423080764476
24.370187749597086,-46.26635559414308
24.195087688343154,-46.32848038064142
24.019987627089222,-46.39060516713977
23.844887565835286,-46.452729953638084
23.844887565835286,-46.452729953638084
23.798415984487114,-46.245857181359014
23.75194440313894,-46.038984409079944
23.705472821790767,-45.832111636800846
23.705472821790767,-45.832111636800846
23.658178144723497,-45.62568433605091
23.610883467656226,-45.41925703530097
23.563588790588955,-45.21282973455101
23.563588790588955,-45.21282973455101
23.395539952474806,-45.22402130273878
23.227491114360657,-45.23521287092652
23.059442276246507,-45.246404439114286
23.059442276246507,-45.246404439114286
22.891391092286888,-45.25751247606405
22.723339908327265,-45.268620513013786
22.555288724367646,-45.27972854996358
22.555288724367646,-45.27972854996358
22.553888687254474,-45.31722854526882
22.553888687254474,-45.31722854526882
22.354788670210432,-45.33445331419949
22.155688653166393,-45.351678083130196
21.956588636122355,-45.36890285206087
21.757488619078313,-45.386127620991545
21.757488619078313,-45.386127620991545
21.78233846299154,-45.54397763678625
21.807188306904763,-45.70182765258093
21.807188306904763,-45.70182765258093
21.608891363851548,-45.74933479093028
21.410594420798333,-45.79684192927965
21.212297477745118,-45.844349067629
21.212297477745118,-45.844349067629
21.013960993989937,-45.891474804207405
20.81562451023476,-45.93860054078584
20.617288026479578,-45.98572627736425
20.617288026479578,-45.98572627736425
20.578688179046484,-45.831276245824114
20.54008833161339,-45.67682621428398
20.54008833161339,-45.67682621428398
20.33686328468246,-45.72432598292545
20.133638237751533,-45.771825751566894
19.930413190820605,-45.81932552020834
19.727188143889677,-45.86682528884981
19.727188143889677,-45.86682528884981
19.735788107051718,-45.90412529566325
19.735788107051718,-45.90412529566325
19.512863077357977,-45.9342000463987
19.289938047664236,-45.964274797134124
19.067013017970492,-45.994349547869575
18.84408798827675,-46.02442429860503
18.84408798827675,-46.02442429860503
18.6624879362387,-46.07715742876172
18.48088788420065,-46.12989055891842
18.2992878321626,-46.182623689075115
18.2992878321626,-46.182623689075115
18.313487748913094,-46.26702369866433
18.313487748913094,-46.26702369866433
18.12113770144453,-46.315173485824374
17.92878765397596,-46.36332327298439
17.736437606507394,-46.41147306014443
17.54408755903883,-46.459622847304445
17.54408755903883,-46.459622847304445
17.52868761088067,-46.40702283421248
17.52868761088067,-46.40702283421248
17.338156695087044,-46.44966901757772
17.147625779293413,-46.49231520094298
16.957094863499787,-46.53496138430825
16.766563947706157,-46.57760756767351
16.57603303191253,-46.620253751038746
16.57603303191253,-46.620253751038746
16.38545914701259,-46.66247980473287
16.194885262112653,-46.70470585842699
16.004311377212712,-46.74693191212111
15.813737492312773,-46.789157965815235
15.623163607412835,-46.83138401950936
15.623163607412835,-46.83138401950936
15.622342629131747,-46.83156504326476
25.231228117739484,141.10613368995382
25.065525878975926,141.20877910654627
24.89982364021237,141.31142452313867
24.734121401448814,141.41406993973112
24.734121401448814,141.41406993973112
24.568211186442138,141.5158975798305
24.402300971435466,141.61772521992998
24.23639075642879,141.7195528600294
24.236390756428793,141.7195528600294
24.06382335520978,141.82417481429502
23.891255953990765,141.9287967685607
23.718688552771752,142.03341872282624
23.546121151552736,142.1380406770919
23.373553750333723,142.24266263135752
23.373553750333723,142.24266263135752
23.200643000266965,142.34593010508604
23.027732250200206,142.4491975788145
22.85482150013345,142.55246505254303
22.68191075006669,142.65573252627155
22.508999999999933,142.75900000000001
22.508999999999933,142.75900000000001
22.341239879426738,142.84983325632197
22.173479758853542,142.94066651264393
22.00571963828035,143.03149976896594
21.837959517707155,143.1223330252879
21.67019939713396,143.21316628160992
21.67019939713396,143.21316628160992
21.502195055077596,143.30294805703238
21.33419071302123,143.3927298324548
21.166186370964866,143.48251160787726
20.9981820289085,143.57229338329967
20.830177686852135,143.66207515872213
20.830177686852135,143.66207515872213
20.661942149481703,143.75086012697773
20.49370661211127,143.83964509523332
20.32547107474084,143.92843006348892
20.157235537370408,144.0172150317445
19.988999999999976,144.1060000000001
19.988999999999976,144.1060000000001
19.87374999999999,144.18200000000013
19.758500000000005,144.25800000000015
19.758500000000005,144.25800000000015
19.798399999999997,144.3730000000001
19.798399999999997,144.3730000000001
19.63054,144.4584000000001
19.462680000000006,144.54380000000015
19.29482000000001,144.6292000000002
19.126960000000015,144.7146000000002
18.959100000000017,144.80000000000018
18.959100000000017,144.80000000000018
19.04540000000003,144.99100000000016
19.04540000000003,144.99100000000016
18.87510000000003,145.04966666666678
18.70480000000003,145.10833333333346
18.534500000000033,145.16700000000014
18.534500000000033,145.16700000000014
18.32923333333337,145.23033333333353
18.12396666666671,145.29366666666692
17.918700000000047,145.35700000000026
17.918700000000047,145.35700000000026
17.849500000000035,145.19700000000017
17.849500000000035,145.19700000000017
17.67889119939781,145.22959064196004
17.50828239879559,145.26218128391997
17.337673598193366,145.2947719258799
17.337673598193366,145.2947719258799
17.167049065462262,145.32718128392003
16.996424532731154,145.35959064196015
16.82580000000005,145.39200000000028
16.82580000000005,145.39200000000028
16.686200000000024,145.2090000000003
16.686200000000024,145.2090000000003
16.508236543225983,145.13330609897525
16.33027308645194,145.05761219795028
16.152309629677895,144.9819182969253
15.974346172903854,144.90622439590027
15.974346172903854,144.90622439590027
15.79627763492557,144.83106718952115
15.618209096947284,144.75590998314203
15.440140558968999,144.68075277676292
15.262072020990715,144.6055955703838
15.262072020990715,144.6055955703838
15.083904015743046,144.53094667778794
14.905736010495378,144.45629778519208
14.727568005247711,144.38164889259616
14.549400000000043,144.30700000000024
14.549400000000043,144.30700000000024
14.402699045884907,144.21604506170382
14.255998091769769,144.12509012340735
14.109297137654632,144.03413518511093
13.962596183539496,143.94318024681445
13.962596183539496,143.94318024681445
13.815760678316513,143.85268757746422
13.66892517309353,143.762194908114
13.52208966787055,143.67170223876371
13.375254162647567,143.58120956941355
13.375254162647567,143.58120956941355
13.228290621985684,143.49115717706024
13.081327081323803,143.40110478470694
12.93436354066192,143.31105239235364
12.787400000000037,143.22100000000034
12.787400000000037,143.22100000000034
12.600430708029423,143.13658199161728
12.413461416058809,143.0521639832341
12.226492124088194,142.96774597485097
12.03952283211758,142.88332796646785
12.03952283211758,142.88332796646785
11.852452611527557,142.7993788251245
11.665382390937534,142.71542968378117
11.47831217034751,142.63148054243783
11.291241949757486,142.5475314010945
82.44729506926949,-6.140418615254475
82.46619999993942,-6.151429999985766
82.46619999993942,-6.151429999985766
82.63574999993787,-6.523909999985449
82.80529999993631,-6.896389999985161
82.80529999993631,-6.896389999985161
83.00353333326778,-6.244049999984952
83.20176666659924,-5.591709999984715
83.39999999993071,-4.939369999984507
83.39999999993071,-4.939369999984507
83.53536666659578,-4.012209999984464
83.67073333326086,-3.0850499999844203
83.80609999992592,-2.1578899999843486
83.80609999992592,-2.1578899999843486
83.93566666659119,-1.0496999999843695
84.06523333325647,0.05849000001563809
84.19479999992174,1.1666800000156456
84.19479999992174,1.1666800000156456
84.32654999992053,2.4085100000156103
84.45829999991932,3.650340000015575
84.45829999991932,3.650340000015575
84.58019999991652,4.651050000015573
84.7020999999137,5.651760000015571
84.7020999999137,5.651760000015571
84.84214999991225,6.976035000015514
84.9821999999108,8.300310000015457
84.9821999999108,8.300310000015457
85.11874999990755,10.088055000015203
85.25529999990428,11.875800000014948
85.25529999990428,11.875800000014948
85.36223333323491,13.446066666681332
85.46916666656556,15.016333333347717
85.57609999989619,16.5866000000141
85.57609999989619,16.5866000000141
85.67119999989504,18.532800000013594
85.76629999989389,20.47900000001306
85.76629999989389,20.47900000001306
85.80259999989207,22.151500000012504
85.83889999989023,23.82400000001195
85.83889999989023,23.82400000001195
85.8905499998902,26.126650000011125
85.94219999989018,28.42930000001033
85.94219999989018,28.42930000001033
85.98569999988598,31.300900000009165
85.98569999988598,31.300900000009165
86.05429999988417,32.88400000000854
86.12289999988236,34.46710000000792
86.12289999988236,34.46710000000792
86.26864999987653,36.924450000006885
86.4143999998707,39.38180000000585
86.4143999998707,39.38180000000585
86.49754999987033,42.077200000004495
86.58069999986996,44.77260000000311
86.58069999986996,44.77260000000311
86.66194999986615,47.256250000001785
86.74319999986233,49.73990000000043
86.74319999986233,49.73990000000043
86.79109999985914,52.37719999999902
86.83899999985597,55.01449999999761
86.83899999985597,55.01449999999761
86.9100999998541,57.48579999999612
86.9100999998541,57.48579999999612
86.99049999984743,60.58439999999425
86.99049999984743,60.58439999999425
86.88209999985708,62.60649999999367
86.88209999985708,62.60649999999367
86.78334999985942,63.85689999999329
86.68459999986177,65.1072999999929
86.68459999986177,65.1072999999929
86.62599999986472,66.75189999999236
86.56739999986767,68.39649999999179
86.56739999986767,68.39649999999179
86.42834999987258,69.95089999999155
86.28929999987749,71.50529999999128
86.28929999987749,71.50529999999128
86.16139999988218,73.30194999999108
86.03349999988686,75.09859999999085
86.03349999988686,75.09859999999085
85.92859999988998,77.05204999999052
85.82369999989311,79.00549999999015
85.82369999989311,79.00549999999015
85.7063499998941,81.49239999998969
85.5889999998951,83.97929999998928
85.5889999998951,83.97929999998928
85.53984999989665,85.8324999999889
85.4906999998982,87.68569999998857
85.4906999998982,87.68569999998857
85.3997666665665,90.15989999998823
85.30883333323482,92.63409999998794
85.21789999990312,95.1082999999876
85.21789999990312,95.1082999999876
85.12299999990515,96.35784999998765
85.02809999990717,97.6073999999877
85.02809999990717,97.6073999999877
84.98514999990897,99.10669999998754
84.94219999991077,100.60599999998738
84.94219999991077,100.60599999998738
84.82734999991337,102.1294999999875
84.71249999991595,103.65299999998763
84.71249999991595,103.65299999998763
84.60334999991667,104.62499999998772
84.4941999999174,105.59699999998787
84.4941999999174,105.59699999998787
84.3441999999192,107.13833333332138
84.194199999921,108.67966666665495
84.0441999999228,110.22099999998846
84.0441999999228,110.22099999998846
83.89987499992507,111.45674999998869
83.75554999992735,112.69249999998891
83.61122499992963,113.92824999998913
83.46689999993191,115.16399999998936
83.46689999993191,115.16399999998936
83.3089499999326,115.60999999998967
83.15099999993328,116.05599999998998
83.15099999993328,116.05599999998998
83.01203333326805,116.55233333332353
82.87306666660284,117.04866666665714
82.73409999993761,117.5449999999907
82.73409999993761,117.5449999999907
82.56784999993877,117.83299999999099
82.40159999993993,118.12099999999128
82.40159999993993,118.12099999999128
82.1906999999415,118.41399999999157
81.97979999994308,118.70699999999192
81.97979999994308,118.70699999999192
81.80584999994487,118.87049999999215
81.63189999994665,119.03399999999249
81.63189999994665,119.03399999999249
81.49614999994756,119.52199999999266
81.36039999994848,120.00999999999283
81.36039999994848,120.00999999999283
81.1887749999493,120.408749999993
81.01714999995012,120.80749999999318
80.84552499995094,121.20624999999336
80.67389999995176,121.60499999999354
80.67389999995176,121.60499999999354
80.50499999995293,121.54599999999368
80.3360999999541,121.48699999999388
80.3360999999541,121.48699999999388
80.20443333328781,121.90866666666068
80.0727666666215,122.33033333332753
79.94109999995521,122.75199999999438
79.94109999995521,122.75199999999438
79.816799999956,123.23149999999441
79.6924999999568,123.71099999999444
79.6924999999568,123.71099999999444
79.5663999999569,124.08299999999463
79.44029999995702,124.45499999999475
79.44029999995702,124.45499999999475
79.26214999995825,124.77849999999484
79.08399999995949,125.10199999999492
79.08399999995949,125.10199999999492
78.88406666662671,125.23966666666172
78.68413333329393,125.37733333332858
78.48419999996115,125.51499999999538
78.48419999996115,125.51499999999538
78.29774999996202,125.53549999999558
78.1112999999629,125.55599999999572
78.1112999999629,125.55599999999572
77.95993333329653,125.57299999999589
77.80856666663018,125.589999999996
77.65719999996382,125.6069999999961
77.65719999996382,125.6069999999961
77.45795589637483,125.6813989527472
77.25871179278583,125.75579790549824
77.05946768919684,125.83019685824934
77.05946768919684,125.83019685824934
76.8534801055757,126.15689716630266
76.64749252195458,126.48359747435592
76.44150493833345,126.81029778240924
76.23551735471231,127.1369980904625
76.23551735471231,127.1369980904625
76.06849087970215,127.48591420175177
75.901464404692,127.83483031304104
75.73443792968185,128.18374642433025
75.73443792968185,128.18374642433025
75.57555401329518,128.55475341441831
75.41667009690849,128.92576040450638
75.25778618052182,129.29676739459444
75.09890226413513,129.66777438468256
74.94001834774846,130.03878137477062
74.94001834774846,130.03878137477062
74.77841734991621,130.3731338384648
74.61681635208396,130.707486302159
74.45521535425172,131.04183876585319
74.29361435641947,131.37619122954732
74.13201335858722,131.71054369324156
74.13201335858722,131.71054369324156
73.96044166263385,132.04764870589702
73.7888699666805,132.38475371855253
73.61729827072713,132.72185873120804
73.61729827072713,132.72185873120804
73.4442121816376,133.0388874168749
73.27112609254804,133.35591610254176
73.09804000345851,133.6729447882086
73.09804000345851,133.6729447882086
72.90605246586851,133.80359072196586
72.71406492827853,133.9342366557231
72.52207739068854,134.06488258948036
72.33008985309856,134.1955285232376
72.13810231550856,134.32617445699486
72.13810231550856,134.32617445699486
71.94572294369893,134.44389379516792
71.75334357188929,134.56161313334104
71.56096420007967,134.6793324715141
71.36858482827003,134.79705180968722
71.1762054564604,134.91477114786028
71.1762054564604,134.91477114786028
70.98349144480099,135.02142980692508
70.79077743314159,135.12808846598995
70.5980634214822,135.2347471250548
70.40534940982279,135.34140578411962
70.21263539816339,135.44806444318448
70.05004499007659,-6.8957253986228295
70.2542587425578,-6.729331548970066
70.45847249503902,-6.562937699317274
70.66268624752024,-6.396543849664482
70.86690000000145,-6.23015000001169
70.86690000000145,-6.23015000001169
71.02240000000145,-6.020826666678403
71.17790000000146,-5.811503333345115
71.33340000000146,-5.602180000011799
71.33340000000146,-5.602180000011799
71.37410000000148,-5.252045000011776
71.41480000000149,-4.901910000011782
71.41480000000149,-4.901910000011782
71.49840000000144,-4.38671000001176
71.49840000000144,-4.38671000001176
71.56630000000148,-3.8654466666783946
71.63420000000151,-3.344183333345029
71.70210000000155,-2.8229200000116634
71.70210000000155,-2.8229200000116634
71.79526666666824,-2.239306666678317
71.88843333333493,-1.6556933333449422
71.98160000000162,-1.0720800000115958
71.98160000000162,-1.0720800000115958
72.06923333333496,-0.5148016666782382
72.15686666666831,0.04247666665514771
72.24450000000165,0.5997549999885052
72.24450000000165,0.5997549999885052
72.34090000000165,1.253273749988523
72.43730000000167,1.906792499988569
72.53370000000169,2.560311249988615
72.63010000000169,3.2138299999886613
72.63010000000169,3.2138299999886613
72.7124500000017,3.7179899999886743
72.79480000000171,4.222149999988716
72.79480000000171,4.222149999988716
72.90075000000172,4.781504999988755
73.00670000000173,5.340859999988766
73.00670000000173,5.340859999988766
73.11245000000176,5.934889999988826
73.21820000000179,6.528919999988858
73.21820000000179,6.528919999988858
73.32915000000182,7.004214999988875
73.44010000000183,7.479509999988892
73.44010000000183,7.479509999988892
73.55050000000183,7.804354999988902
73.66090000000183,8.129199999988913
73.66090000000183,8.129199999988913
73.78975000000183,8.377554999988888
73.91860000000183,8.625909999988892
73.91860000000183,8.625909999988892
74.08940000000185,8.675359999988842
74.08940000000185,8.675359999988842
74.29480000000183,8.529579999988755
74.29480000000183,8.529579999988755
74.43096666666851,8.250953333321974
74.56713333333518,7.972326666655221
74.70330000000186,7.693699999988468
74.70330000000186,7.693699999988468
74.84690000000178,7.997729999988451
74.84690000000178,7.997729999988451
74.97535000000177,7.316274999988309
75.10380000000175,6.634819999988167
75.10380000000175,6.634819999988167
75.25800000000179,7.151809999988188
75.25800000000179,7.151809999988188
75.34390000000178,7.4817099999881975
75.42980000000176,7.811609999988207
75.42980000000176,7.811609999988207
75.5255000000018,8.051329999988184
75.5255000000018,8.051329999988184
75.61375000000176,7.570194999988075
75.70200000000172,7.089059999987967
75.70200000000172,7.089059999987967
75.87820000000174,7.41890999998796
75.87820000000174,7.41890999998796
76.01745000000176,6.904029999987813
76.15670000000178,6.389149999987666
76.15670000000178,6.389149999987666
76.26590000000175,6.587994999987643
76.37510000000174,6.78683999998762
76.37510000000174,6.78683999998762
76.53290000000175,7.224529999987624
76.53290000000175,7.224529999987624
76.75440000000172,7.196409999987509
76.75440000000172,7.196409999987509
76.83240000000173,6.791649999987385
76.83240000000173,6.791649999987385
77.02370000000171,6.805149999987293
77.21500000000168,6.818649999987201
77.40630000000166,6.832149999987081
77.40630000000166,6.832149999987081
77.50290000000169,6.290269999986947
77.59950000000171,5.7483899999867845
77.59950000000171,5.7483899999867845
77.7572000000017,6.062527499986743
77.9149000000017,6.376664999986701
78.07260000000167,6.69080249998666
78.23030000000166,7.004939999986618
78.23030000000166,7.004939999986618
78.33485000000168,6.559614999986479
78.4394000000017,6.11428999998634
78.4394000000017,6.11428999998634
78.54910000000162,5.371159999986105
78.65880000000153,4.628029999985898
78.76850000000145,3.8848999999856915
78.76850000000145,3.8848999999856915
78.94810000000146,3.5259299999854647
79.12770000000145,3.1669599999852664
79.12770000000145,3.1669599999852664
79.25290000000142,2.908839999985105
79.25290000000142,2.908839999985105
79.37825000000143,3.0165399999850138
79.50360000000143,3.1242399999849226
79.50360000000143,3.1242399999849226
79.61740000000142,2.619059999984728
79.73120000000141,2.1138799999845332
79.73120000000141,2.1138799999845332
79.86900000000136,1.3747689999842407
80.00680000000132,0.6356579999839767
80.14460000000128,-0.10345300001631585
80.14460000000128,-0.10345300001631585
80.24180000000129,-0.8018315000165614
80.3390000000013,-1.5002100000167786
80.3390000000013,-1.5002100000167786
80.54706666666797,-1.3702700000170296
80.75513333333464,-1.2403300000172521
80.96320000000131,-1.1103900000174747
80.96320000000131,-1.1103900000174747
81.15685000000128,-1.7631000000178858
81.35050000000126,-2.4158100000182685
81.35050000000126,-2.4158100000182685
81.53423333333454,-3.197583333352071
81.71796666666783,-3.9793566666858737
81.90170000000111,-4.761130000019676
81.90170000000111,-4.761130000019676
82.06086666666775,-5.126753333353378
82.22003333333438,-5.492376666687079
82.37920000000102,-5.85800000002078
82.37920000000102,-5.85800000002078
82.44729506926949,-6.140418615254475
27.594990781548063,34.200000000000074
27.431111441282386,34.3040431668943
27.267232101016713,34.4080863337885
27.103352760751036,34.512129500682704
27.103352760751036,34.512129500682704
26.939857972060803,34.62332796744744
26.77636318337057,34.73452643421217
26.612868394680337,34.845724900976904
26.612868394680337,34.845724900976904
26.476487854764674,34.96900735611624
26.34010731484901,35.09228981125557
26.203726774933347,35.21557226639487
26.067346235017684,35.338854721534204
26.067346235017684,35.338854721534204
25.930550754081608,35.46099233860559
25.793755273145536,35.58312995567701
25.656959792209463,35.705267572748426
25.520164311273387,35.82740518981984
25.520164311273387,35.82740518981984
25.32438232608078,35.929965027163036
25.128600340888177,36.03252486450623
24.93281835569557,36.135084701849394
24.737036370502963,36.23764453919259
24.737036370502963,36.23764453919259
24.540978793911385,36.33891978111984
24.34492121731981,36.440195023047124
24.148863640728237,36.54147026497438
23.95280606413666,36.64274550690163
23.95280606413666,36.64274550690163
23.790210536635524,36.79783117162705
23.627615009134384,36.95291683635244
23.46501948163325,37.10800250107786
23.46501948163325,37.10800250107786
23.301967360698782,37.26194450793565
23.13891523976432,37.41588651479344
22.975863118829853,37.56982852165123
22.975863118829853,37.56982852165123
22.777490079150454,37.62893707985904
22.57911703947105,37.68804563806685
22.380743999791648,37.747154196274664
22.182370960112248,37.8062627544825
22.182370960112248,37.8062627544825
21.983913602883693,37.864707340997484
21.78545624565514,37.923151927512464
21.586998888426585,37.981596514027444
21.38854153119803,38.04004110054245
21.38854153119803,38.04004110054245
21.190004071588223,38.09785464696779
20.991466611978417,38.15566819339318
20.792929152368608,38.21348173981855
20.5943916927588,38.27129528624391
20.5943916927588,38.27129528624391
20.39577819614938,38.32850958369863
20.19716469953996,38.38572388115338
19.998551202930543,38.44293817860813
19.79993770632112,38.50015247606285
19.79993770632112,38.50015247606285
19.659536344037033,38.631243926761556
19.51913498175294,38.76233537746029
19.378733619468854,38.89342682815902
19.238332257184762,39.02451827885773
19.097930894900674,39.15560972955643
19.097930894900674,39.15560972955643
18.957069796086564,39.28559179503341
18.816208697272454,39.415573860510364
18.675347598458348,39.545555925987344
18.534486499644238,39.675537991464296
18.39362540083013,39.80552005694125
18.39362540083013,39.80552005694125
18.2056112469741,39.93397831645191
18.017597093118074,40.06243657596258
17.829582939262046,40.190894835473216
17.64156878540602,40.31935309498388
17.64156878540602,40.31935309498388
17.453224686715764,40.44674239765692
17.26488058802551,40.574131700329986
17.076536489335254,40.70152100300302
16.888192390645,40.82891030567606
16.888192390645,40.82891030567606
16.69953587141897,40.95528569900554
16.510879352192944,41.081661092335025
16.322222832966915,41.20803648566448
16.133566313740886,41.33441187899396
16.133566313740886,41.33441187899396
15.968694511773554,41.41934757942789
15.803822709806223,41.504283279861795
15.63895090783889,41.5892189802957
15.474079105871558,41.67415468072963
15.474079105871558,41.67415468072963
15.309078626306167,41.75855058146237
15.144078146740775,41.84294648219509
14.979077667175382,41.927342382927804
14.81407718760999,42.01173828366055
14.81407718760999,42.01173828366055
14.636157347470945,42.123610411053335
14.458237507331898,42.23548253844609
14.280317667192852,42.34735466583888
14.102397827053807,42.459226793231664
14.102397827053807,42.459226793231664
13.924272798015902,42.57040246324635
13.746147768977998,42.68157813326104
13.568022739940096,42.79275380327573
13.389897710902192,42.90392947329039
13.389897710902192,42.90392947329039
13.191625905711975,43.00353246329149
12.99335410052176,43.103135453292566
12.795082295331543,43.20273844329367
12.795082295331543,43.20273844329367
12.596698835058493,43.301872727918635
12.398315374785444,43.40100701254363
12.199931914512394,43.500141297168625
12.199931914512394,43.500141297168625
12.049971264455701,43.60011482684331
11.900010614399008,43.70008835651802
-65.80765294552103,-177.74049070930965
-65.9693019636801,-177.57799380620796
-66.13095098183915,-177.41549690310623
-66.29259999999822,-177.25300000000453
-66.29259999999822,-177.25300000000453
-66.42873101707865,-177.58883127094683
-66.56486203415906,-177.92466254188912
-66.7009930512395,-178.26049381283138
-66.83712406831992,-178.59632508377368
-66.83712406831992,-178.59632508377368
-66.97027914148686,-178.94724381033026
-67.10343421465379,-179.29816253688682
-67.23658928782072,-179.6490812634434
-67.36974436098765,-179.99999999
-67.36974436098765,179.99999999
-67.52050104506385,179.57216223842136
-67.67125772914005,179.14432448684266
-67.82201441321625,178.71648673526397
-67.97277109729245,178.28864898368533
-67.97277109729245,178.28864898368533
-68.11884986453249,177.83832366713045
-68.26492863177253,177.38799835057563
-68.41100739901256,176.9376730340208
-68.5570861662526,176.48734771746592
-68.5570861662526,176.48734771746592
-68.69809344712426,176.01344418271543
-68.83910072799593,175.53954064796494
-68.98010800886759,175.0656371132144
-69.12111528973925,174.5917335784639
-69.12111528973925,174.5917335784639
-69.25662832741673,174.09322710456308
-69.3921413650942,173.5947206306622
-69.52765440277167,173.0962141567614
-69.66316744044916,172.59770768286057
52.16978055432314,-30.076951179609182
52.14491475405551,-30.079590140507435
52.14491475405551,-30.079590140507435
51.96189475548794,-30.088330221410388
51.77887475692037,-30.09707030231337
51.59585475835279,-30.105810383216323
51.41283475978522,-30.114550464119304
51.229814761217646,-30.123290545022257
51.229814761217646,-30.123290545022257
51.14921471384248,-29.835190486629983
51.14921471384248,-29.835190486629983
50.93956471118639,-29.819115568049426
50.72991470853031,-29.80304064946887
50.520264705874226,-29.786965730888312
50.310614703218135,-29.770890812307726
50.310614703218135,-29.770890812307726
50.26887465593369,-29.490270743715143
50.227134608649244,-29.20965067512256
50.1853945613648,-28.929030606529977
50.14365451408035,-28.648410537937394
50.10191446679591,-28.367790469344783
50.10191446679591,-28.367790469344783
49.88111445673997,-28.30932387629366
49.66031444668404,-28.250857283242567
49.4395144366281,-28.192390690191445
49.4395144366281,-28.192390690191445
49.331414422892664,-28.112790710832883
49.331414422892664,-28.112790710832883
49.200914400764454,-27.984890726497895
49.200914400764454,-27.984890726497895
49.03681437736491,-27.850090753890186
49.03681437736491,-27.850090753890186
48.869714357478955,-27.735890788478912
48.869714357478955,-27.735890788478912
48.73321435172192,-27.702890833922737
48.73321435172192,-27.702890833922737
48.55641435423469,-27.717290908689534
48.55641435423469,-27.717290908689534
48.52411432035901,-27.523590866712397
48.52411432035901,-27.523590866712397
48.32651432183148,-27.53199094773734
48.32651432183148,-27.53199094773734
48.21731430709311,-27.44799096745473
48.21731430709311,-27.44799096745473
48.13501429524512,-27.380590981188845
48.13501429524512,-27.380590981188845
48.03911428598502,-27.3279910044088
48.03911428598502,-27.3279910044088
47.85851427681435,-27.276066060573015
47.67791426764367,-27.22414111673723
47.497314258473004,-27.17221617290147
47.31671424930233,-27.120291229065685
47.31671424930233,-27.120291229065685
47.158514250547384,-27.127324624670138
47.00031425179243,-27.13435802027459
46.84211425303749,-27.14139141587907
46.84211425303749,-27.14139141587907
46.65511426049417,-27.18359149687012
46.46811426795087,-27.2257915778612
46.28111427540755,-27.26799165885228
46.28111427540755,-27.26799165885228
46.08731428989445,-27.3504417503907
45.893514304381355,-27.43289184192909
45.69971431886825,-27.515341933467482
45.50591433335515,-27.5977920250059
45.50591433335515,-27.5977920250059
45.33383381774001,-27.70069474206781
45.161753302124865,-27.803597459129747
44.98967278650972,-27.906500176191656
44.98967278650972,-27.906500176191656
44.81732000420975,-28.007564296586935
44.64496722190978,-28.108628416982214
44.472614439609806,-28.20969253737752
44.472614439609806,-28.20969253737752
44.50466091693954,-28.483207534530038
44.53670739426927,-28.756722531682556
15.623163607412835,-46.83138401950936
15.672168948228226,-47.05762445315071
15.721174289043619,-47.28386488679209
15.77017962985901,-47.51010532043344
15.77017962985901,-47.51010532043344
15.818483006326238,-47.73667151808411
15.866786382793467,-47.963237715734806
15.915089759260695,-48.189803913385475
15.915089759260695,-48.189803913385475
15.962683360627446,-48.4166947210764
16.010276961994197,-48.64358552876729
16.05787056336095,-48.87047633645818
16.05787056336095,-48.87047633645818
16.07388022388365,-49.07096569976733
16.089889884406347,-49.271455063076445
16.105899544929045,-49.47194442638559
16.121909205451743,-49.67243378969471
16.13791886597444,-49.87292315300385
16.13791886597444,-49.87292315300385
16.152991239016604,-50.07356992313163
16.168063612058763,-50.274216693259405
16.183135985100925,-50.47486346338718
16.198208358143084,-50.675510233514956
16.213280731185247,-50.8761570036427
16.213280731185247,-50.8761570036427
16.26990951455424,-51.072129898420826
16.326538297923232,-51.26810279319898
16.38316708129222,-51.46407568797707
16.439795864661214,-51.66004858275522
16.496424648030207,-51.856021477533346
16.496424648030207,-51.856021477533346
16.552138286103393,-52.0525641502139
16.60785192417658,-52.24910682289445
16.66356556224977,-52.445649495575
16.719279200322955,-52.64219216825555
16.77499283839614,-52.83873484093611
16.77499283839614,-52.83873484093611
16.773795278707325,-53.04410315205948
16.772597719018506,-53.24947146318286
16.77140015932969,-53.45483977430622
16.77020259964087,-53.66020808542959
16.769005039952056,-53.86557639655297
16.769005039952056,-53.86557639655297
16.766790847894946,-54.070926284926855
16.76457665583784,-54.27627617330077
16.76236246378073,-54.48162606167466
16.760148271723622,-54.68697595004858
16.757934079666512,-54.892325838422465
16.757934079666512,-54.892325838422465
16.754704084516163,-55.09764635329773
16.751474089365814,-55.30296686817299
16.748244094215465,-55.50828738304824
16.745014099065116,-55.71360789792351
16.741784103914767,-55.91892841279876
16.741784103914767,-55.91892841279876
16.73518904096461,-56.11915069176219
16.728593978014455,-56.31937297072561
16.721998915064297,-56.51959524968905
16.715403852114143,-56.71981752865247
16.708808789163985,-56.92003980761589
16.708808789163985,-56.92003980761589
16.701250739743898,-57.12018787122014
16.69369269032381,-57.320335934824385
16.686134640903724,-57.52048399842863
16.678576591483637,-57.72063206203289
16.67101854206355,-57.92078012563715
16.67101854206355,-57.92078012563715
16.662500192024098,-58.120844123766716
16.653981841984645,-58.32090812189628
16.645463491945197,-58.520972120025846
16.636945141905745,-58.72103611815541
16.628426791866293,-58.921100116284975
6.82468247019043,118.74165165339213
6.989657653368811,118.878785385166
7.154632836547192,119.01591911693981
7.319608019725572,119.15305284871368
7.484583202903953,119.29018658048756
7.484583202903953,119.29018658048756
7.649388315310012,119.42773574565706
7.814193427716072,119.56528491082662
7.978998540122131,119.70283407599618
8.14380365252819,119.84038324116574
8.14380365252819,119.84038324116574
8.308422933486916,119.97838584854014
8.473042214445645,120.11638845591449
8.637661495404371,120.25439106328889
8.802280776363098,120.3923936706633
8.802280776363098,120.3923936706633
8.966698280430075,120.53088804891968
9.131115784497052,120.66938242717606
9.29553328856403,120.80787680543239
9.459950792631007,120.94637118368877
9.459950792631007,120.94637118368877
9.624150373396935,121.08539600734389
9.788349954162863,121.22442083099895
9.95254953492879,121.36344565465407
10.116749115694718,121.50247047830919
10.116749115694718,121.50247047830919
10.280714409313525,121.64206479364236
10.44467970293233,121.78165910897553
10.608644996551135,121.92125342430865
10.772610290169942,122.06084773964182
6.206389299759508,92.20214490630138
6.302284329571595,92.38675496115525
6.3981793593836835,92.57136501600917
6.494074389195772,92.75597507086303
6.5899694190078595,92.9405851257169
6.5899694190078595,92.9405851257169
6.68559278163088,93.1254805549222
6.7812161442539,93.31037598412746
6.8768395068769195,93.49527141333272
6.97246286949994,93.68016684253797
6.97246286949994,93.68016684253797
7.0909986694630955,93.8703509850393
7.209534469426252,94.06053512754056
7.328070269389408,94.25071927004183
7.446606069352564,94.44090341254315
7.446606069352564,94.44090341254315
7.596833811264509,94.35471535652732
7.747061553176455,94.26852730051144
7.897289295088401,94.18233924449561
7.897289295088401,94.18233924449561
8.07278823491068,94.11452110627135
8.248287174732958,94.0467029680471
8.423786114555238,93.97888482982285
8.423786114555238,93.97888482982285
8.583859192583027,93.92375879292183
8.743932270610815,93.86863275602082
8.743932270610815,93.86863275602082
8.894592115396598,93.84089028283034
9.04525196018238,93.81314780963987
9.04525196018238,93.81314780963987
9.08212453341105,93.94167190070681
9.118997106639721,94.07019599177374
9.118997106639721,94.07019599177374
9.315959179719972,94.0105974507465
9.512921252800222,93.95099890971926
9.512921252800222,93.95099890971926
9.65766430259934,93.91079640160865
9.802407352398456,93.87059389349798
9.947150402197574,93.83039138538732
9.947150402197574,93.83039138538732
10.165050213992583,93.80064845686661
10.382950025787594,93.7709055283459
10.382950025787594,93.7709055283459
10.417411543017142,93.93761833975685
10.451873060246688,94.10433115116774
10.451873060246688,94.10433115116774
10.626371827539561,94.08610446933358
10.800870594832432,94.06787778749936
10.800870594832432,94.06787778749936
10.842002944499054,94.28834647262727
10.883135294165674,94.50881515775512
10.924267643832296,94.72928384288298
10.924267643832296,94.72928384288298
10.95759330281435,94.91809108966606
10.990918961796407,95.1068983364492
11.024244620778461,95.29570558323229
11.024244620778461,95.29570558323229
11.223116431380447,95.28303588964513
11.421988241982433,95.27036619605792
11.62086005258442,95.25769650247076
11.819731863186407,95.24502680888361
12.018603673788393,95.23235711529645
12.018603673788393,95.23235711529645
12.1916363309853,95.2232740308907
12.364668988182206,95.21419094648502
12.537701645379112,95.20510786207933
12.71073430257602,95.19602477767364
12.71073430257602,95.19602477767364
12.723038669210178,95.35666281473397
12.735343035844338,95.51730085179435
12.747647402478496,95.67793888885467
12.747647402478496,95.67793888885467
12.90915520914161,95.67916963136105
13.070663015804728,95.68040037386743
13.232170822467843,95.68163111637375
13.232170822467843,95.68163111637375
13.221833420595589,95.84076667659235
13.221833420595589,95.84076667659235
13.403475752172145,95.83709149626856
13.5851180837487,95.83341631594482
13.766760415325257,95.82974113562108
13.766760415325257,95.82974113562108
13.770574611142852,96.03050329826465
13.770574611142852,96.03050329826465
13.94631322925802,96.03134091668198
14.122051847373191,96.03217853509938
14.297790465488362,96.03301615351671
14.47352908360353,96.03385377193405
14.47352908360353,96.03385377193405
14.649267689789713,96.03469671277952
14.825006295975896,96.03553965362494
15.000744902162078,96.03638259447041
15.17648350834826,96.03722553531588
15.17648350834826,96.03722553531588
15.17667764679961,96.2196047322015
15.176871785250956,96.40198392908718
15.177065923702305,96.5843631259728
15.177065923702305,96.5843631259728
15.176820010845443,96.76674218874427
15.17657409798858,96.94912125151563
15.176328185131718,97.13150031428711
-6.737635925927826,127.13178473576113
-6.649497965320763,127.30622245085954
-6.5613600047137,127.48066016595794
-6.473222044106637,127.65509788105635
-6.385084083499574,127.82953559615476
-6.385084083499574,127.82953559615476
-6.296711669436325,128.00373293559602
-6.208339255373076,128.17793027503728
-6.119966841309826,128.3521276144786
-6.031594427246577,128.5263249539198
-6.031594427246577,128.5263249539198
-5.943000935629668,128.7002950465013
-5.854407444012757,128.8742651390827
-5.765813952395847,129.04823523166414
-5.677220460778938,129.22220532424558
-5.677220460778938,129.22220532424558
-5.519260793324073,129.1248517916979
-5.519260793324073,129.1248517916979
-5.415507304077273,129.32219245462426
-5.311753814830473,129.51953311755062
-5.208000325583673,129.71687378047704
-5.104246836336873,129.91421444340335
-5.104246836336873,129.91421444340335
-5.000252739025468,130.11129962294
-4.896258641714062,130.30838480247672
-4.792264544402656,130.50546998201338
-4.68827044709125,130.70255516155004
-4.68827044709125,130.70255516155004
-4.584055716619719,130.89940554737495
-4.479840986148189,131.09625593319987
-4.375626255676659,131.2931063190248
-4.271411525205128,131.48995670484976
-4.271411525205128,131.48995670484976
-4.166996084591234,131.68659306641598
-4.06258064397734,131.88322942798226
-3.9581652033634462,132.07986578954853
-3.8537497627495525,132.27650215111476
-14.444190669305318,-175.42410618164382
-14.642137480688927,-175.45793481142692
-14.840084292072534,-175.49176344121005
-14.840084292072534,-175.49176344121005
-15.02799653441743,-175.49161906601907
-15.215908776762323,-175.49147469082808
-15.403821019107218,-175.4913303156371
-15.403821019107218,-175.4913303156371
-15.562521330424687,-175.5275317695698
-15.721221641742154,-175.5637332235025
-15.477025523640798,-177.2506841712621
-15.694520980072866,-177.23719640707424
-15.694520980072866,-177.23719640707424
-15.801166317825617,-177.3698151002186
-15.907811655578369,-177.50243379336294
-16.01445699333112,-177.6350524865073
-16.01445699333112,-177.6350524865073
-16.18046877121015,-177.682334136472
-16.18046877121015,-177.682334136472
-16.29971497663045,-177.53508996795992
-16.418961182050747,-177.38784579944783
-16.538207387471047,-177.24060163093574
-16.538207387471047,-177.24060163093574
-16.652327699868465,-177.13440735581787
-16.766448012265883,-177.02821308070003
-16.8805683246633,-176.92201880558216
-16.8805683246633,-176.92201880558216
-17.05181534823351,-176.82251745400185
-17.223062371803717,-176.72301610242158
-17.394309395373927,-176.62351475084128
-17.394309395373927,-176.62351475084128
-17.576792042542177,-176.54220731956664
-17.759274689710427,-176.460899888292
-17.759274689710427,-176.460899888292
-17.92954470772864,-176.3763310161341
-18.099814725746846,-176.29176214397614
-18.099814725746846,-176.29176214397614
-18.285144187187466,-176.34021414258905
-18.285144187187466,-176.34021414258905
-18.455352775235653,-176.42437779232873
-18.62556136328384,-176.50854144206838
-18.795769951332026,-176.59270509180806
-18.795769951332026,-176.59270509180806
-19.007726878251027,-176.5679253933926
-19.21968380517003,-176.5431456949772
-19.21968380517003,-176.5431456949772
-19.28122966290366,-176.33588250894482
-19.342775520637286,-176.1286193229124
-19.404321378370916,-175.92135613688004
-19.404321378370916,-175.92135613688004
-19.567883876861604,-175.9895185719748
-19.73144637535229,-176.05768100706956
-19.89500887384298,-176.12584344216432
-19.89500887384298,-176.12584344216432
-20.100244566528524,-176.17903842904764
-20.100244566528524,-176.17903842904764
-20.130142474161282,-176.11883108814516
-20.130142474161282,-176.11883108814516
-20.25744081589343,-176.14152080259018
-20.25744081589343,-176.14152080259018
-20.462778505838372,-176.17326025250338
-20.66811619578332,-176.20499970241661
-20.66811619578332,-176.20499970241661
-20.874491501203032,-176.25425060049974
-21.080866806622748,-176.3035014985829
-21.287242112042463,-176.35275239666606
-21.493617417462175,-176.4020032947492
-21.493617417462175,-176.4020032947492
-21.655362267253896,-176.46690012888766
-21.81710711704562,-176.5317969630261
-21.97885196683734,-176.59669379716456
-21.97885196683734,-176.59669379716456
-22.10578093393722,-176.62005508921925
-22.2327099010371,-176.64341638127394
-22.2327099010371,-176.64341638127394
-22.274276218908298,-176.68738279884067
-22.274276218908298,-176.68738279884067
-22.43848681731817,-176.71109472032992
-22.60269741572804,-176.73480664181915
-22.766908014137915,-176.7585185633084
-22.766908014137915,-176.7585185633084
-22.934071169946275,-176.83843160553116
-23.10123432575464,-176.91834464775388
-23.268397481563,-176.99825768997664
-23.43556063737136,-177.0781707321994
-23.43556063737136,-177.0781707321994
-23.60255945097664,-177.15889603579652
-23.769558264581917,-177.23962133939364
-23.936557078187192,-177.32034664299076
-24.10355589179247,-177.40107194658788
24.850015419346228,139.26197131383685
25.022352867732668,139.19697812739872
25.194690316119107,139.13198494096065
25.36702776450555,139.06699175452258
25.53936521289199,139.00199856808445
25.53936521289199,139.00199856808445
25.711586617928354,138.93625401005755
25.883808022964722,138.87050945203066
26.05602942800109,138.80476489400377
26.228250833037453,138.73902033597687
26.228250833037453,138.73902033597687
26.400351182662675,138.67249249309634
26.572451532287896,138.6059646502158
26.744551881913118,138.53943680733528
26.91665223153834,138.47290896445475
26.91665223153834,138.47290896445475
27.116072951453894,138.39605996732087
27.315493671369452,138.31921097018687
27.514914391285007,138.242361973053
27.714335111200562,138.165512975919
27.714335111200562,138.165512975919
27.913583582352768,138.0875320113202
28.112832053504974,138.0095510467214
28.31208052465718,137.93157008212262
28.511328995809386,137.85358911752382
28.511328995809386,137.85358911752382
28.702661921758576,137.78586443077654
28.893994847707763,137.71813974402926
29.08532777365695,137.65041505728203
29.27666069960614,137.5826903705348
29.27666069960614,137.5826903705348
29.467854976245007,137.51394399835982
29.65904925288387,137.44519762618484
29.850243529522736,137.3764512540099
30.041437806161603,137.30770488183492
30.041437806161603,137.30770488183492
30.23248687066645,137.2378892579825
30.423535935171294,137.16807363413005
30.61458499967614,137.09825801027762
30.805634064180985,137.02844238642518
30.805634064180985,137.02844238642518
30.99462525773197,136.96577208981427
31.183616451282955,136.90310179320335
31.372607644833938,136.84043149659243
31.372607644833938,136.84043149659243
31.56150632093673,136.777000495128
31.750404997039517,136.7135694936635
31.93930367314231,136.65013849219906
31.93930367314231,136.65013849219906
31.946402591764464,136.5531876917014
31.946402591764464,136.5531876917014
32.155732668445964,136.4691909781189
32.36506274512747,136.38519426453638
32.574392821808964,136.30119755095393
32.78372289849047,136.21720083737148
-13.332284860108741,172.65278446972036
-13.52631062472034,172.71016612083662
-13.720336389331939,172.76754777195288
-13.720336389331939,172.76754777195288
-13.884589223404635,172.83270475107372
-14.048842057477334,172.89786173019462
-14.21309489155003,172.96301870931552
-14.377347725622727,173.02817568843636
-14.377347725622727,173.02817568843636
-14.541528849442631,173.09371677256593
-14.705709973262536,173.15925785669543
-14.869891097082442,173.22479894082494
-15.034072220902347,173.2903400249545
-15.034072220902347,173.2903400249545
-15.198177753552699,173.3562858200196
-15.362283286203052,173.42223161508468
-15.526388818853405,173.48817741014977
-15.690494351503757,173.55412320521486
-15.690494351503757,173.55412320521486
-15.747318015785337,173.40497682973103
-15.747318015785337,173.40497682973103
-15.941914263219736,173.48386092123798
-16.136510510654137,173.56274501274487
-16.136510510654137,173.56274501274487
-16.247309030553204,173.4450973033305
-16.247309030553204,173.4450973033305
-16.407777955799336,173.5418667658564
-16.568246881045464,173.63863622838227
-16.728715806291596,173.73540569090812
-16.889184731537725,173.83217515343404
-17.049653656783857,173.9289446159599
-17.049653656783857,173.9289446159599
-17.231812619219248,173.84641010013763
-17.413971581654636,173.76387558431537
-17.596130544090027,173.6813410684931
-17.778289506525418,173.5988065526709
-17.778289506525418,173.5988065526709
-17.960309065558143,173.5155964062289
-18.142328624590867,173.43238625978694
-18.324348183623588,173.34917611334492
-18.506367742656312,173.26596596690297
-18.506367742656312,173.26596596690297
-18.50930568006113,173.41518520354214
-18.50930568006113,173.41518520354214
-18.72692227807648,173.41457023916712
-18.944538876091826,173.41395527479216
-19.162155474107173,173.4133403104172
-19.379772072122524,173.41272534604218
-19.379772072122524,173.41272534604218
-19.597388661784517,173.4121037729824
-19.815005251446514,173.4114821999226
-20.032621841108508,173.4108606268628
-20.2502384307705,173.41023905380302
-20.2502384307705,173.41023905380302
-20.467855011575082,173.40961047324015
-20.685471592379667,173.40898189267728
-20.90308817318425,173.4083533121144
-21.120704753988832,173.40772473155153
-21.120704753988832,173.40772473155153
-21.131053866127903,173.64454046135563
-21.14140297826697,173.88135619115974
-21.151752090406042,174.11817192096385
-21.151752090406042,174.11817192096385
-21.368032409883437,174.10401043501633
-21.584312729360832,174.08984894906894
-21.800593048838227,174.07568746312148
-21.800593048838227,174.07568746312148
-22.016869714557732,174.06139709790807
-22.233146380277237,174.0471067326946
-22.449423045996742,174.0328163674812
-15.721221641742154,-175.5637332235025
-15.691099166206442,-175.77472755859202
-15.66097669067073,-175.98572189368156
-15.630854215135018,-176.19671622877107
-15.600731739599306,-176.40771056386058
-15.600731739599306,-176.40771056386058
-15.56980518560968,-176.61845396571096
-15.538878631620051,-176.82919736756133
-15.507952077630424,-177.03994076941171
-15.477025523640798,-177.2506841712621
17.802365906981926,-81.66481682138615
18.000843485126378,-81.67625615838723
18.19932106327083,-81.68769549538831
18.397798641415285,-81.69913483238939
18.596276219559737,-81.71057416939047
18.79475379770419,-81.72201350639155
18.79475379770419,-81.72201350639155
18.86977334868791,-81.72635110482554
18.867778662123868,-104.76764925654851
18.70128637438543,-104.87366386193852
18.53479408664699,-104.97967846732855
18.36830179890855,-105.08569307271857
18.36830179890855,-105.08569307271857
18.201634532605738,-105.19109538181235
18.034967266302925,-105.29649769090612
17.86830000000011,-105.4018999999999
17.86830000000011,-105.4018999999999
17.76810000000066,-105.39889999999455
17.76810000000066,-105.39889999999455
17.583875000000663,-105.39092499999451
17.399650000000662,-105.38294999999448
17.215425000000664,-105.37497499999444
17.031200000000666,-105.36699999999439
17.031200000000666,-105.36699999999439
16.839075000000662,-105.37432499999436
16.646950000000658,-105.38164999999432
16.454825000000657,-105.38897499999429
16.262700000000653,-105.39629999999426
16.262700000000653,-105.39629999999426
16.086550000000656,-105.38672499999421
15.910400000000656,-105.37714999999417
15.734250000000658,-105.36757499999413
15.55810000000066,-105.35799999999409
15.55810000000066,-105.35799999999409
15.407633333333996,-105.34519999999407
15.25716666666733,-105.33239999999402
15.106700000000664,-105.319599999994
15.106700000000664,-105.319599999994
15.16223333333404,-105.10989999999401
15.217766666667416,-104.90019999999402
15.273300000000791,-104.69049999999403
15.273300000000791,-104.69049999999403
15.072911432703757,-104.64816734680402
14.872522865406722,-104.605834693614
14.672134298109688,-104.56350204042398
14.672134298109688,-104.56350204042398
14.471722865406738,-104.52140136028059
14.271311432703786,-104.4793006801372
14.070900000000837,-104.43719999999381
14.070900000000837,-104.43719999999381
13.885219347116188,-104.37322910019219
13.69953869423154,-104.30925820039056
13.513858041346893,-104.24528730058893
13.328177388462244,-104.18131640078731
13.328177388462244,-104.18131640078731
13.142433041346917,-104.11773730058886
12.956688694231591,-104.0541582003904
12.770944347116263,-103.99057910019195
12.585200000000937,-103.9269999999935
12.585200000000937,-103.9269999999935
12.411800000000941,-103.88767499999346
12.238400000000947,-103.84834999999342
12.065000000000953,-103.80902499999337
11.891600000000958,-103.76969999999334
11.891600000000958,-103.76969999999334
11.872800000000936,-103.87709999999336
11.872800000000936,-103.87709999999336
11.68552000000094,-103.84947999999332
11.498240000000944,-103.82185999999328
11.31096000000095,-103.79423999999322
11.123680000000954,-103.76661999999318
10.936400000000958,-103.73899999999314
10.936400000000958,-103.73899999999314
10.7164333333343,-103.70193333332644
10.496466666667642,-103.66486666665972
10.276500000000983,-103.62779999999302
10.276500000000983,-103.62779999999302
10.121700000000988,-103.59709999999298
10.121700000000988,-103.59709999999298
10.095275000000953,-103.77164999999297
10.06885000000092,-103.94619999999297
10.042425000000886,-104.12074999999297
10.016000000000851,-104.29529999999296
10.016000000000851,-104.29529999999296
9.80510000000085,-104.29529999999292
9.59420000000085,-104.29529999999289
9.383300000000848,-104.29529999999286
9.172400000000847,-104.29529999999282
9.172400000000847,-104.29529999999282
8.99327500000085,-104.28569999999277
8.814150000000852,-104.27609999999274
8.635025000000855,-104.26649999999269
8.455900000000858,-104.25689999999264
8.455900000000858,-104.25689999999264
8.34210000000086,-104.23009999999265
8.34210000000086,-104.23009999999265
8.351752245517247,-104.01846546436639
8.361404491033635,-103.80683092874011
8.371056736550022,-103.59519639311385
8.371056736550022,-103.59519639311385
8.380371157700383,-103.38353092874011
8.389685578850742,-103.17186546436638
8.399000000001102,-102.96019999999264
8.399000000001102,-102.96019999999264
8.196292300339305,-102.90962665892597
7.993584600677508,-102.85905331785932
7.790876901015711,-102.80847997679265
7.790876901015711,-102.80847997679265
7.588151267344195,-102.75805331785925
7.385425633672678,-102.70762665892585
7.182700000001161,-102.65719999999244
7.182700000001161,-102.65719999999244
6.975864888149609,-102.63222238993498
6.769029776298057,-102.60724477987752
6.562194664446504,-102.58226716982006
6.355359552594951,-102.5572895597626
6.355359552594951,-102.5572895597626
6.148519664446511,-102.53239216981996
5.941679776298072,-102.50749477987733
5.734839888149632,-102.48259738993471
5.528000000001192,-102.45769999999207
5.528000000001192,-102.45769999999207
5.30910336371365,-102.4231320600122
5.090206727426107,-102.38856412003231
4.871310091138565,-102.35399618005243
4.652413454851023,-102.31942824007255
4.652413454851023,-102.31942824007255
4.433510091138578,-102.28494618005236
4.2146067274261325,-102.25046412003216
3.9957033637136874,-102.21598206001197
3.7768000000012423,-102.18149999999177
3.7768000000012423,-102.18149999999177
3.7486972975897195,-102.25841282486111
1.1385543881375517,-102.18149537599187
1.1359000000014028,-102.18170000001268
1.1359000000014028,-102.18170000001268
1.1356846184829543,-102.18172963789883
1.1356846184829543,-102.18172963789883
0.9242923092421814,-102.2108148189558
0.7129000000014085,-102.23990000001277
0.7129000000014085,-102.23990000001277
0.7064000000014048,-102.21010000001276
0.7064000000014048,-102.21010000001276
0.5382500000014072,-102.23150000001277
0.3701000000014095,-102.25290000001277
0.3701000000014095,-102.25290000001277
0.16320000000141402,-102.2930000000128
0.16320000000141402,-102.2930000000128
-0.017899999998583188,-102.31920000001281
-0.017899999998583174,-102.31920000001281
-0.2056499999985817,-102.33470000001283
-0.3933999999985802,-102.35020000001285
-0.3933999999985802,-102.35020000001285
-0.5030999999985746,-102.39690000001288
-0.5030999999985746,-102.39690000001288
-0.6623499999985716,-102.4229000000129
-0.8215999999985687,-102.44890000001293
-0.8215999999985687,-102.44890000001293
-0.9654999999985661,-102.47245000001294
-1.1093999999985635,-102.49600000001297
-1.1093999999985635,-102.49600000001297
-1.2827999999985604,-102.52390000001296
-1.2827999999985604,-102.52390000001296
-1.2833999999985761,-102.39920000001297
-1.2833999999985761,-102.39920000001297
-1.374799999998574,-102.42210000001296
-1.374799999998574,-102.42210000001296
-1.5327999999985686,-102.462000000013
-1.5327999999985686,-102.462000000013
-1.5604999999985771,-102.393800000013
-1.5604999999985771,-102.393800000013
-1.5958999999985886,-102.30690000001302
-1.5958999999985886,-102.30690000001302
-1.6867999999985852,-102.33480000001302
-1.6867999999985852,-102.33480000001302
-1.7563999999985822,-102.35590000001302
-1.7563999999985822,-102.35590000001302
-1.8274999999985804,-102.37750000001304
-1.8274999999985804,-102.37750000001304
-1.9073999999985771,-102.40200000001303
-1.9073999999985771,-102.40200000001303
-1.9062999999985497,-102.62090000001305
-1.9062999999985497,-102.62090000001305
-2.047399999998548,-102.63845000001307
-2.1884999999985464,-102.65600000001308
-2.1884999999985464,-102.65600000001308
-2.347799999998543,-102.67740000001312
-2.347799999998543,-102.67740000001312
-2.4941999999985422,-102.69500000001314
-2.4941999999985422,-102.69500000001314
-2.65539999999854,-102.71650000001313
-2.65539999999854,-102.71650000001313
-2.794599999998538,-102.73520000001315
-2.9337999999985356,-102.75390000001319
-2.9337999999985356,-102.75390000001319
-2.934499999998542,-102.69570000001318
-2.934499999998542,-102.69570000001318
-2.9358999999985596,-102.56580000001317
-2.9358999999985596,-102.56580000001317
-3.12919999999856,-102.56830000001318
-3.12919999999856,-102.56830000001318
-3.2818999999985596,-102.56965000001321
-3.43459999999856,-102.57100000001324
-3.43459999999856,-102.57100000001324
-3.542799999998557,-102.59950000001325
-3.542799999998557,-102.59950000001325
-3.7571999999985493,-102.65600000001328
-3.7571999999985493,-102.65600000001328
-3.859399999998547,-102.6830000000133
-3.859399999998547,-102.6830000000133
-3.9672999999985428,-102.71140000001333
-3.9672999999985428,-102.71140000001333
-4.056599999998539,-102.73490000001331
-4.056599999998539,-102.73490000001331
-4.037149999998518,-102.9017000000133
-4.017699999998497,-103.0685000000133
-4.017699999998497,-103.0685000000133
-3.995649999998474,-103.2555750000133
-3.9735999999984513,-103.44265000001329
-3.951549999998428,-103.6297250000133
-3.9294999999984053,-103.81680000001329
-3.9294999999984053,-103.81680000001329
-3.9081999999983825,-103.99737500001329
-3.8868999999983593,-104.17795000001328
-3.8655999999983366,-104.35852500001329
-3.844299999998314,-104.53910000001329
-3.844299999998314,-104.53910000001329
-3.9981999999983047,-104.6192500000133
-4.1520999999982955,-104.69940000001331
-4.1520999999982955,-104.69940000001331
-4.133699999998274,-104.8695500000133
-4.1152999999982525,-105.03970000001331
-4.0968999999982305,-105.20985000001332
-4.0784999999982094,-105.38000000001331
-4.0784999999982094,-105.38000000001331
-4.242133333331536,-105.43470000001334
-4.405766666664862,-105.48940000001335
-4.569399999998188,-105.54410000001337
-4.569399999998188,-105.54410000001337
-4.550549999998166,-105.72132500001337
-4.531699999998144,-105.89855000001336
-4.512849999998123,-106.07577500001337
-4.493999999998101,-106.25300000001336
-4.493999999998101,-106.25300000001336
-4.544299999998098,-106.27100000001337
-4.544299999998098,-106.27100000001337
-4.655799999998095,-106.3110000000134
-4.655799999998095,-106.3110000000134
-4.816499999998086,-106.3684000000134
-4.816499999998086,-106.3684000000134
-4.929899999998083,-106.40920000001341
-5.043299999998079,-106.45000000001343
-5.043299999998079,-106.45000000001343
-5.154399999998077,-106.47660000001345
-5.154399999998077,-106.47660000001345
-5.357099999998069,-106.52380000001345
-5.357099999998069,-106.52380000001345
-5.547599999998065,-106.5689000000135
-5.547599999998065,-106.5689000000135
-5.623899999998063,-106.5870000000135
-5.623899999998063,-106.5870000000135
-5.619999999998044,-106.7411000000135
-5.619999999998044,-106.7411000000135
-5.819499999998044,-106.74650000001353
-6.0189999999980435,-106.75190000001356
-6.0189999999980435,-106.75190000001356
-6.016399999998033,-106.84490000001354
-6.016399999998033,-106.84490000001354
-6.229549999998033,-106.89750000001357
-6.442699999998033,-106.9501000000136
-6.442699999998033,-106.9501000000136
-6.417399999998008,-107.11366666668026
-6.392099999997983,-107.27723333334691
-6.366799999997958,-107.44080000001357
-6.366799999997958,-107.44080000001357
-6.562949999997951,-107.52385000001361
-6.759099999997943,-107.60690000001365
-6.759099999997943,-107.60690000001365
-6.9722499999979375,-107.62995000001368
-7.185399999997932,-107.65300000001372
-7.185399999997932,-107.65300000001372
-7.349849999997921,-107.76655000001372
-7.51429999999791,-107.88010000001374
-7.51429999999791,-107.88010000001374
-7.583899999997907,-107.89830000001376
-7.583899999997907,-107.89830000001376
-7.747874999997903,-107.93920000001378
-7.911849999997898,-107.9801000000138
-8.075824999997893,-108.02100000001383
-8.239799999997889,-108.06190000001385
-8.239799999997889,-108.06190000001385
-8.357999999997874,-108.19320000001386
-8.357999999997874,-108.19320000001386
-8.554674999997872,-108.22492500001388
-8.751349999997867,-108.25665000001389
-8.948024999997862,-108.2883750000139
-9.14469999999786,-108.32010000001392
-9.14469999999786,-108.32010000001392
-9.117336810022383,-108.4995923533015
-9.089973620046909,-108.67908470658905
-9.062610430071434,-108.85857705987661
-9.035247240095957,-109.03806941316418
-9.035247240095957,-109.03806941316418
-9.007535430071389,-109.21745205987662
-8.979823620046819,-109.39683470658905
-8.95211181002225,-109.57621735330147
-8.924399999997682,-109.75560000001391
-8.924399999997682,-109.75560000001391
-9.072299999997677,-109.77520000001392
-9.072299999997677,-109.77520000001392
-9.273766666664342,-109.80246666668062
-9.475233333331008,-109.8297333333473
-9.676699999997673,-109.857000000014
-9.676699999997673,-109.857000000014
-9.664999999997645,-110.071200000014
-9.664999999997645,-110.071200000014
-9.874149999997636,-110.14495000001402
-10.083299999997626,-110.21870000001404
-10.083299999997626,-110.21870000001404
-10.259699999997625,-110.23646666668073
-10.436099999997625,-110.25423333334743
-10.612499999997624,-110.27200000001412
-10.612499999997624,-110.27200000001412
-10.801599999997622,-110.29200000001414
-10.801599999997622,-110.29200000001414
-10.822299999997602,-110.44700000001414
-10.822299999997602,-110.44700000001414
-11.012933333330935,-110.45970000001417
-11.203566666664267,-110.47240000001419
-11.3941999999976,-110.48510000001421
-11.3941999999976,-110.48510000001421
-11.472199999997576,-110.67480000001422
-11.472199999997576,-110.67480000001422
-11.610999999997567,-110.74550000001423
-11.74979999999756,-110.81620000001423
-11.74979999999756,-110.81620000001423
-11.859399999997553,-110.87095000001426
-11.968999999997546,-110.92570000001427
-11.968999999997546,-110.92570000001427
-12.162199999997542,-110.9635250000143
-12.355399999997537,-111.00135000001431
-12.548599999997535,-111.03917500001432
-12.74179999999753,-111.07700000001435
-12.74179999999753,-111.07700000001435
-12.755099999997555,-110.89200000001436
-12.755099999997555,-110.89200000001436
-12.973633333330884,-110.93043333334772
-13.192166666664212,-110.9688666666811
-13.410699999997542,-111.00730000001445
-13.410699999997542,-111.00730000001445
-13.396299999997519,-111.19120000001445
-13.396299999997519,-111.19120000001445
-13.541299999997511,-111.26600000001447
-13.541299999997511,-111.26600000001447
-13.515704841195502,-111.4593625591662
-13.490109682393491,-111.65272511831792
-13.464514523591482,-111.84608767746964
-13.464514523591482,-111.84608767746964
-13.438476349060112,-112.0393251183179
-13.412438174528742,-112.23256255916617
-13.386399999997371,-112.42580000001443
-13.386399999997371,-112.42580000001443
-13.545699999997371,-112.43016666668112
-13.70499999999737,-112.43453333334782
-13.86429999999737,-112.4389000000145
-13.86429999999737,-112.4389000000145
-13.96329999999736,-112.51030000001451
-14.062299999997354,-112.58170000001452
-14.062299999997354,-112.58170000001452
-14.280799999997353,-112.59213333334789
-14.499299999997351,-112.60256666668124
-14.71779999999735,-112.61300000001461
-14.71779999999735,-112.61300000001461
-14.703899999997327,-112.76580000001461
-14.703899999997327,-112.76580000001461
-14.885224573231788,-112.80021071461584
-15.06654914646625,-112.83462142921707
-15.247873719700712,-112.8690321438183
-15.247873719700712,-112.8690321438183
-15.429182479799577,-112.90362142921713
-15.610491239898444,-112.93821071461593
-15.791799999997309,-112.97280000001476
-15.791799999997309,-112.97280000001476
-15.978499999997306,-113.00393333334812
-16.165199999997302,-113.03506666668146
-16.351899999997297,-113.06620000001482
-16.351899999997297,-113.06620000001482
-16.36039999999731,-112.9733000000148
-16.36039999999731,-112.9733000000148
-16.5153999999973,-113.06915000001484
-16.670399999997286,-113.16500000001489
-16.670399999997286,-113.16500000001489
-16.68339999999731,-113.04120000001488
-16.68339999999731,-113.04120000001488
-16.8674999999973,-113.14115000001487
-17.051599999997286,-113.24110000001488
-17.051599999997286,-113.24110000001488
-17.06479999999729,-113.1172000000149
-17.06479999999729,-113.1172000000149
-17.216833333330623,-113.18783333334825
-17.36886666666395,-113.2584666666816
-17.520899999997283,-113.32910000001495
-17.520899999997283,-113.32910000001495
-17.53839999999729,-113.17410000001495
-17.53839999999729,-113.17410000001495
-17.690099999997283,-113.24540000001498
-17.841799999997274,-113.316700000015
-17.99349999999727,-113.38800000001504
-17.99349999999727,-113.38800000001504
-18.00799999999728,-113.26380000001501
-18.00799999999728,-113.26380000001501
-18.15343333333061,-113.30350000001503
-18.298866666663944,-113.34320000001506
-18.444299999997273,-113.38290000001508
-18.444299999997273,-113.38290000001508
-18.60109999999726,-113.45140000001513
-18.757899999997246,-113.51990000001516
-18.757899999997246,-113.51990000001516
-18.77659999999727,-113.36420000001513
-18.77659999999727,-113.36420000001513
-18.946099999997262,-113.45040000001515
-19.115599999997254,-113.53660000001517
-19.285099999997247,-113.62280000001519
-19.285099999997247,-113.62280000001519
-19.30049999999726,-113.4978000000152
-19.30049999999726,-113.4978000000152
-19.471221023903666,-113.54782173645
-19.641942047810073,-113.5978434728848
-19.81266307171648,-113.6478652093196
-19.81266307171648,-113.6478652093196
-19.983342047810062,-113.6982101395515
-20.154021023903645,-113.74855506978342
-20.32469999999723,-113.79890000001532
-20.32469999999723,-113.79890000001532
-20.449549999997217,-113.86500000001533
-20.57439999999721,-113.93110000001535
-20.57439999999721,-113.93110000001535
-20.600299999997187,-114.08730000001536
-20.600299999997187,-114.08730000001536
-20.770699999997184,-114.13400000001538
-20.941099999997178,-114.18070000001538
-21.111499999997175,-114.2274000000154
-21.111499999997175,-114.2274000000154
-21.261966666663838,-114.25753333334876
-21.4124333333305,-114.28766666668211
-21.562899999997164,-114.31780000001548
-21.562899999997164,-114.31780000001548
-21.62839999999716,-114.37980000001549
-21.62839999999716,-114.37980000001549
-21.790133333330495,-114.39346666668217
-21.95186666666383,-114.40713333334887
-22.113599999997163,-114.42080000001555
-22.113599999997163,-114.42080000001555
-22.12219999999715,-114.51080000001556
-22.12219999999715,-114.51080000001556
-22.19589999999715,-114.50490000001558
-22.19589999999715,-114.50490000001558
-22.365699999997148,-114.5002000000156
-22.535499999997143,-114.49550000001561
-22.535499999997143,-114.49550000001561
-22.697999999997144,-114.52030000001564
-22.860499999997142,-114.54510000001565
-23.022999999997143,-114.56990000001568
-23.022999999997143,-114.56990000001568
-23.031449999997125,-114.72225000001568
-23.039899999997107,-114.87460000001568
-23.039899999997107,-114.87460000001568
-23.179599999997095,-114.96220000001567
-23.179599999997095,-114.96220000001567
-23.235499999997064,-115.1836000000157
-23.235499999997064,-115.1836000000157
-23.395899999997063,-115.25370000001573
-23.395899999997063,-115.25370000001573
-23.432599999997045,-115.42565000001572
-23.469299999997027,-115.59760000001572
-23.469299999997027,-115.59760000001572
-23.67694999999703,-115.51075000001575
-23.884599999997036,-115.42390000001578
-23.884599999997036,-115.42390000001578
-24.01729999999705,-115.4021000000158
-24.01729999999705,-115.4021000000158
-24.10539999999704,-115.4823000000158
-24.10539999999704,-115.4823000000158
-24.173649999997018,-115.69720000001581
-24.241899999997,-115.91210000001583
-24.241899999997,-115.91210000001583
-24.382899999996997,-115.96800000001585
-24.382899999996997,-115.96800000001585
-24.458399999996956,-116.18400000001581
-24.458399999996956,-116.18400000001581
-24.555999999996953,-116.22500000001585
-24.555999999996953,-116.22500000001585
-24.701649999996963,-116.16200000001587
-24.847299999996974,-116.09900000001588
-24.847299999996974,-116.09900000001588
-24.955299999996956,-116.22933333334923
-25.063299999996943,-116.35966666668259
-25.171299999996926,-116.49000000001594
-25.171299999996926,-116.49000000001594
-25.292899999996934,-116.42200000001597
-25.41449999999694,-116.35400000001599
-25.41449999999694,-116.35400000001599
-25.54399999999696,-116.191150000016
-25.673499999996977,-116.028300000016
-25.673499999996977,-116.028300000016
-25.832849999997,-115.88760000001604
-25.99219999999702,-115.74690000001607
-25.99219999999702,-115.74690000001607
-26.11799999999703,-115.63235000001609
-26.243799999997037,-115.51780000001612
-26.243799999997037,-115.51780000001612
-26.354899999997052,-115.40430000001615
-26.46599999999707,-115.29080000001618
-26.46599999999707,-115.29080000001618
-26.603999999997086,-115.10510000001617
-26.603999999997086,-115.10510000001617
-26.64489999999711,-114.90993333334951
-26.685799999997133,-114.71476666668286
-26.72669999999716,-114.51960000001621
-26.72669999999716,-114.51960000001621
-26.748033333330515,-114.32423333334955
-26.769366666663874,-114.12886666668288
-26.79069999999723,-113.93350000001622
-26.79069999999723,-113.93350000001622
-26.801699999997254,-113.73175000001623
-26.812699999997278,-113.53000000001624
-26.812699999997278,-113.53000000001624
-26.818233333330635,-113.34593333334958
-26.82376666666399,-113.16186666668293
-26.829299999997346,-112.97780000001626
-26.829299999997346,-112.97780000001626
-26.765899999997345,-112.94950000001626
-26.765899999997345,-112.94950000001626
-26.928599999997346,-112.9416000000163
-26.928599999997346,-112.9416000000163
-27.013399999997326,-113.11110000001628
-27.013399999997326,-113.11110000001628
-27.14224999999733,-113.1203000000163
-27.271099999997332,-113.12950000001634
-27.271099999997332,-113.12950000001634
-27.423849999997326,-113.13025000001635
-27.57659999999732,-113.13100000001636
-27.57659999999732,-113.13100000001636
-27.607399999997337,-113.00030000001637
-27.607399999997337,-113.00030000001637
-27.72704999999734,-112.9855000000164
-27.846699999997345,-112.97070000001642
-27.846699999997345,-112.97070000001642
-28.033699999997346,-112.95950000001645
-28.033699999997346,-112.95950000001645
-28.205399999997354,-112.94830000001649
-28.37709999999736,-112.93710000001653
-28.37709999999736,-112.93710000001653
-28.386699999997347,-113.01240000001651
-28.386699999997347,-113.01240000001651
-28.545299999997344,-113.01740000001652
-28.545299999997344,-113.01740000001652
-28.666099999997343,-113.01855000001655
-28.786899999997345,-113.01970000001658
-28.786899999997345,-113.01970000001658
-28.89814999999735,-112.98830000001658
-29.009399999997356,-112.95690000001659
-29.009399999997356,-112.95690000001659
-29.05909999999738,-112.76243333334995
-29.108799999997398,-112.56796666668329
-29.15849999999742,-112.37350000001665
-29.15849999999742,-112.37350000001665
-29.193999999997445,-112.18406666668332
-29.22949999999747,-111.99463333335001
-29.264999999997492,-111.80520000001668
-29.264999999997492,-111.80520000001668
-29.4209999999975,-111.77715000001669
-29.5769999999975,-111.74910000001671
-29.5769999999975,-111.74910000001671
-29.791449999997496,-111.76105000001675
-30.005899999997492,-111.77300000001678
-30.005899999997492,-111.77300000001678
-30.1763999999975,-111.77320000001683
-30.1763999999975,-111.77320000001683
-30.3020499999975,-111.78510000001684
-30.4276999999975,-111.79700000001685
-30.4276999999975,-111.79700000001685
-30.624399999997486,-111.85100000001688
-30.624399999997486,-111.85100000001688
-30.665899999997485,-111.88510000001689
-30.665899999997485,-111.88510000001689
-30.85424999999748,-111.91820000001694
-31.042599999997478,-111.95130000001699
-31.042599999997478,-111.95130000001699
-31.214399999997475,-111.96465000001699
-31.386199999997476,-111.97800000001699
-31.386199999997476,-111.97800000001699
-31.390499999997473,-111.964000000017
-31.390499999997473,-111.964000000017
-31.53619999999936,-112.023
-31.53619999999936,-112.023
-31.604699999997482,-112.04230000001704
-31.604699999997482,-112.04230000001704
-31.69229999999748,-112.04590000001707
-31.69229999999748,-112.04590000001707
-31.77189999999747,-112.04070000001705
-31.77189999999747,-112.04070000001705
-31.94799999999747,-112.0629000000171
-31.94799999999747,-112.0629000000171
-32.114499999997456,-112.06490000001712
-32.114499999997456,-112.06490000001712
-32.228599999997456,-112.10800000001714
-32.34269999999746,-112.15110000001717
-32.34269999999746,-112.15110000001717
-32.32779999999743,-112.35590000001716
-32.32779999999743,-112.35590000001716
-32.48869999999743,-112.4152000000172
-32.48869999999743,-112.4152000000172
-32.64124999999743,-112.41660000001721
-32.793799999997425,-112.41800000001723
-32.793799999997425,-112.41800000001723
-32.95594999999743,-112.43025000001725
-33.11809999999743,-112.44250000001729
-33.11809999999743,-112.44250000001729
-33.25849999999744,-112.45125000001732
-33.39889999999744,-112.46000000001737
-33.39889999999744,-112.46000000001737
-33.524349999997426,-112.48200000001738
-33.649799999997406,-112.50400000001738
-33.649799999997406,-112.50400000001738
-33.6625999999974,-112.60400000001736
-33.6625999999974,-112.60400000001736
-33.830749999997394,-112.6160500000174
-33.9988999999974,-112.62810000001744
-33.9988999999974,-112.62810000001744
-34.14924999999741,-112.59505000001747
-34.29959999999742,-112.56200000001748
-34.29959999999742,-112.56200000001748
-34.42784999999742,-112.4895500000175
-34.55609999999742,-112.41710000001753
-34.55609999999742,-112.41710000001753
-34.67429999999746,-112.18680000001758
-34.67429999999746,-112.18680000001758
-34.74284999999749,-111.97125000001759
-34.81139999999752,-111.7557000000176
-34.81139999999752,-111.7557000000176
-34.86169999999754,-111.5778500000176
-34.911999999997555,-111.40000000001763
-34.911999999997555,-111.40000000001763
-34.92129999999756,-111.36940000001762
-34.92129999999756,-111.36940000001762
-34.9926999999976,-111.13280000001768
-34.9926999999976,-111.13280000001768
-35.04174999999762,-110.97995000001768
-35.09079999999764,-110.82710000001767
-35.09079999999764,-110.82710000001767
-35.090800000002325,-110.8269999999862
-35.090800000002325,-110.8269999999862
-35.091673851043815,-110.79485107040637
1.1375784811139216,-102.1827276281545
1.1377999999985806,-102.18259999998733
1.1377999999985806,-102.18259999998733
1.1385543881375517,-102.18149537599187
1.1385543881375517,-102.18149537599187
1.2064999999985917,-102.08199999998735
1.2064999999985917,-102.08199999998735
1.2687999999986055,-101.95899999998737
1.2687999999986055,-101.95899999998737
1.334399999998623,-101.82499999998737
1.334399999998623,-101.82499999998737
1.403799999998644,-101.64399999998739
1.403799999998644,-101.64399999998739
1.3176999999986536,-101.57999999998736
1.3176999999986536,-101.57999999998736
1.3888999999986638,-101.48699999998738
1.3888999999986638,-101.48699999998738
1.338199999998673,-101.42299999998738
1.338199999998673,-101.42299999998738
1.399099999998681,-101.34799999998738
1.399099999998681,-101.34799999998738
1.3500999999986858,-101.31499999998738
1.3500999999986858,-101.31499999998738
1.4230999999987,-101.19499999998737
1.4230999999987,-101.19499999998737
1.3857999999987058,-101.15299999998739
1.3857999999987058,-101.15299999998739
1.4707999999987182,-101.04699999998739
1.4707999999987182,-101.04699999998739
1.5136999999987146,-101.07399999998741
1.5136999999987146,-101.07399999998741
1.6550999999987253,-100.9639999999874
1.6550999999987253,-100.9639999999874
1.6787999999987233,-100.97299999998741
1.6787999999987233,-100.97299999998741
1.7434999999987304,-100.90799999998742
1.7434999999987304,-100.90799999998742
1.8318999999987082,-100.97399999998744
1.8318999999987082,-100.97399999998744
1.90639999999871,-101.04899999998747
1.90639999999871,-101.04899999998747
1.9801999999986961,-101.14899999998747
1.9801999999986961,-101.14899999998747
2.197099999998686,-101.19569999998751
2.197099999998686,-101.19569999998751
2.1990607256381294,-101.19421071377052
7.517699116155673,-82.75972534727468
7.29788218160432,-82.7629011276557
7.078065247052965,-82.76607690803671
6.858248312501612,-82.76925268841772
6.638431377950258,-82.77242846879874
6.638431377950258,-82.77242846879874
6.418614362835836,-82.7755929243838
6.198797347721413,-82.77875737996885
5.978980332606991,-82.78192183555392
5.759163317492568,-82.78508629113898
5.759163317492568,-82.78508629113898
5.539346232795901,-82.78824096550537
5.3195291480992335,-82.79139563987175
5.099712063402565,-82.79455031423814
4.879894978705898,-82.79770498860452
4.879894978705898,-82.79770498860452
4.660077835274648,-82.80085140661241
4.440260691843399,-82.8039978246203
4.220443548412149,-82.80714424262817
4.000626404980899,-82.81029066063606
4.000626404980899,-82.81029066063606
3.780809213550832,-82.8134303314138
3.5609920221207654,-82.81657000219154
3.341174830690699,-82.81970967296928
3.121357639260632,-82.82284934374702
17.86830000000011,-105.4018999999999
17.883525000000112,-105.6284249999999
17.898750000000113,-105.85494999999989
17.913975000000114,-106.0814749999999
17.929200000000115,-106.3079999999999
17.929200000000115,-106.3079999999999
18.016000000000115,-106.31799999999991
18.016000000000115,-106.31799999999991
18.120200000000107,-106.31089999999992
18.120200000000107,-106.31089999999992
18.28240000000011,-106.2808999999999
18.28240000000011,-106.2808999999999
18.40120000000011,-106.2624999999999
18.520000000000113,-106.24409999999992
18.520000000000113,-106.24409999999992
18.53220000000011,-106.38559999999993
18.544400000000106,-106.52709999999992
18.544400000000106,-106.52709999999992
18.589800000000107,-106.75539999999991
18.589800000000107,-106.75539999999991
18.618400000000108,-106.87859999999992
18.647000000000105,-107.00179999999992
18.647000000000105,-107.00179999999992
18.73250000000011,-107.21309999999991
18.73250000000011,-107.21309999999991
18.7564000000001,-107.2729999999999
18.7564000000001,-107.2729999999999
18.8097000000001,-107.39784999999989
18.863000000000095,-107.5226999999999
18.863000000000095,-107.5226999999999
18.899500000000096,-107.6695999999999
18.936000000000092,-107.8164999999999
18.936000000000092,-107.8164999999999
19.021750000000097,-108.02474999999991
19.107500000000105,-108.23299999999992
19.107500000000105,-108.23299999999992
19.2235000000001,-108.1980999999999
19.2235000000001,-108.1980999999999
19.303950000000093,-108.36669999999991
19.38440000000009,-108.53529999999992
19.38440000000009,-108.53529999999992
19.467200000000087,-108.71569999999994
19.550000000000086,-108.89609999999995
19.550000000000086,-108.89609999999995
19.625400000000088,-108.90299999999992
19.625400000000088,-108.90299999999992
19.716100000000097,-109.03174999999992
19.806800000000102,-109.16049999999991
19.806800000000102,-109.16049999999991
19.9171500000001,-109.30524999999993
20.027500000000092,-109.44999999999995
20.027500000000092,-109.44999999999995
20.141800000000092,-109.37269999999991
20.141800000000092,-109.37269999999991
20.175400000000092,-109.37809999999993
20.175400000000092,-109.37809999999993
20.24270000000009,-109.31859999999992
20.24270000000009,-109.31859999999992
20.397400000000097,-109.21489999999994
20.397400000000097,-109.21489999999994
20.4995000000001,-109.18679999999993
20.4995000000001,-109.18679999999993
20.558500000000105,-109.28489999999994
20.558500000000105,-109.28489999999994
20.642400000000098,-109.26109999999991
20.642400000000098,-109.26109999999991
20.7390000000001,-109.19419999999992
20.7390000000001,-109.19419999999992
20.8238000000001,-109.11119999999991
20.8238000000001,-109.11119999999991
20.9459000000001,-109.01304999999992
21.0680000000001,-108.91489999999993
21.0680000000001,-108.91489999999993
21.252800000000107,-108.80909999999997
21.252800000000107,-108.80909999999997
21.347000000000108,-108.97679999999994
21.347000000000108,-108.97679999999994
21.4514000000001,-108.93599999999998
21.4514000000001,-108.93599999999998
21.547200000000103,-108.85994999999997
21.64300000000011,-108.78389999999995
21.64300000000011,-108.78389999999995
21.773300000000116,-108.66929999999996
21.773300000000116,-108.66929999999996
21.89660000000011,-108.57359999999994
21.89660000000011,-108.57359999999994
21.95960000000011,-108.67599999999996
21.95960000000011,-108.67599999999996
22.102400000000113,-108.58899999999994
22.102400000000113,-108.58899999999994
22.20110000000012,-108.51599999999995
22.20110000000012,-108.51599999999995
22.27690000000011,-108.52699999999994
22.27690000000011,-108.52699999999994
22.440100000000122,-108.40699999999994
22.440100000000122,-108.40699999999994
22.613400000000112,-108.27299999999997
22.613400000000112,-108.27299999999997
22.711700000000114,-108.232
22.711700000000114,-108.232
22.848650000000116,-108.12099999999998
22.98560000000012,-108.00999999999998
22.98560000000012,-108.00999999999998
23.123971115400135,-107.9283047477683
23.123971115400135,-107.92830474776831
23.227554188340815,-107.86696732799587
23.331137261281494,-107.80562990822341
2.98799104261352,-102.1709443733049
2.993698979157338,-102.03456533797325
2.9994069157011563,-101.89818630264158
2.9994069157011563,-101.89818630264158
2.8683712771348877,-101.76502420176101
2.7373356385686196,-101.63186210088045
2.606300000002351,-101.49869999999989
2.606300000002351,-101.49869999999989
2.4843333333356945,-101.40016666666654
2.362366666669038,-101.3016333333332
2.2404000000023814,-101.20309999999985
2.2404000000023814,-101.20309999999985
2.1989000000023813,-101.19599999999984
2.1989000000023813,-101.19599999999984
2.1990607256381294,-101.19421071377052
2.19906072563813,-101.19421071377052
2.2105000000023955,-101.06679999999984
2.2105000000023955,-101.06679999999984
2.2257612318369064,-100.89947269830745
2.2410224636714173,-100.73214539661507
2.2410224636714173,-100.73214539661507
2.1474646969160474,-100.60406521256738
2.1474646969160474,-100.60406521256738
2.1449461161194288,-100.44282477634275
2.14242753532281,-100.2815843401181
2.14242753532281,-100.2815843401181
2.2366890423867747,-100.26870392457029
2.2366890423867747,-100.26870392457029
2.2145938517174577,-100.0527576535882
2.1924986610481407,-99.8368113826061
2.1924986610481407,-99.8368113826061
2.2935641555460364,-99.80633508444117
2.2935641555460364,-99.80633508444117
2.280001720087026,-99.70009349626544
2.280001720087026,-99.70009349626544
2.259649295359331,-99.540723732913
2.259649295359331,-99.540723732913
2.2500134389327293,-99.41943126832501
2.2403775825061283,-99.29813880373702
2.2403775825061283,-99.29813880373702
2.2257451213747506,-99.0777294213492
2.211112660243373,-98.8573200389614
2.211112660243373,-98.8573200389614
2.214064525864814,-98.66691313092606
2.2170163914862555,-98.47650622289073
2.2199682571076966,-98.28609931485539
2.2199682571076966,-98.28609931485539
2.191757212985656,-98.09816770318398
2.1635461688636157,-97.91023609151256
2.1353351247415757,-97.72230447984116
2.1071240806195353,-97.53437286816974
2.1071240806195353,-97.53437286816974
2.1276349012598197,-97.33683333246907
2.148145721900104,-97.13929379676838
2.148145721900104,-97.13929379676838
2.1206284286766373,-96.95105311284976
2.09311113545317,-96.76281242893114
2.065593842229703,-96.57457174501252
2.065593842229703,-96.57457174501252
2.189725247084012,-96.5557328330748
2.313856651938321,-96.53689392113708
2.313856651938321,-96.53689392113708
2.3148538011812754,-96.36598343504929
2.3158509504242297,-96.1950729489615
2.316848099667184,-96.0241624628737
2.316848099667184,-96.0241624628737
2.3177834705525178,-95.8532512771084
2.318718841437851,-95.6823400913431
2.3196542123231847,-95.51142890557779
2.3196542123231847,-95.51142890557779
2.4584228280087466,-95.50048100457306
2.597191443694308,-95.48953310356832
2.597191443694308,-95.48953310356832
2.573353038411584,-95.30798714984036
2.5495146331288607,-95.12644119611238
2.5495146331288607,-95.12644119611238
2.527241526000327,-94.93699835970521
2.504968418871793,-94.74755552329805
2.4826953117432597,-94.55811268689088
2.460422204614726,-94.36866985048371
2.460422204614726,-94.36866985048371
2.438041653461849,-94.17925238786275
2.415661102308972,-93.98983492524178
2.3932805511560953,-93.80041746262081
2.3709000000032185,-93.61099999999985
2.3709000000032185,-93.61099999999985
2.336277952532116,-93.39724866929919
2.301655905061013,-93.18349733859853
2.2670338575899103,-92.96974600789787
2.2670338575899103,-92.96974600789787
2.2323172666854276,-92.75602539605501
2.1976006757809454,-92.54230478421216
2.1628840848764628,-92.3285841723693
2.1628840848764628,-92.3285841723693
2.0423907662097966,-92.1531711272042
2.0423907662097966,-92.1531711272042
2.1055638222592403,-91.95288246650186
2.1055638222592403,-91.95288246650186
2.0890937015057367,-91.74577014198321
2.072623580752233,-91.53865781746457
2.072623580752233,-91.53865781746457
1.95125897500372,-91.513560660553
1.95125897500372,-91.513560660553
1.9176375322613044,-91.32251366312542
1.884016089518889,-91.13146666569784
1.8503946467764738,-90.94041966827027
1.8167732040340583,-90.74937267084269
1.8167732040340583,-90.74937267084269
1.6413102934521868,-90.7082632770113
1.4658473828703151,-90.6671538831799
1.2903844722884434,-90.62604448934853
1.114921561706572,-90.58493509551714
0.9394586511247005,-90.54382570168575
0.9394586511247005,-90.54382570168575
0.9227289405090779,-90.36257900266678
0.9059992298934554,-90.18133230364782
0.8892695192778329,-90.00008560462885
0.8725398086622104,-89.8188389056099
0.8558100980465878,-89.63759220659092
0.8558100980465878,-89.63759220659092
0.839037576984944,-89.45635342257359
0.8222650559233001,-89.27511463855623
0.8054925348616562,-89.0938758545389
0.7887200138000123,-88.91263707052154
0.7719474927383685,-88.7313982865042
0.7719474927383685,-88.7313982865042
0.7551363584557256,-88.55016665883599
0.7383252241730827,-88.36893503116778
0.7215140898904399,-88.18770340349957
0.7047029556077969,-88.00647177583136
0.687891821325154,-87.82524014816315
0.687891821325154,-87.82524014816315
0.6950481813900552,-87.62572898511031
0.7022045414549563,-87.42621782205748
0.7093609015198574,-87.22670665900463
0.7165172615847586,-87.0271954959518
0.7165172615847586,-87.0271954959518
0.8850077995406243,-87.02788967533496
0.8850077995406243,-87.02788967533496
0.8769732792828806,-86.82143048084956
0.868938759025137,-86.61497128636415
0.868938759025137,-86.61497128636415
0.8602479578162938,-86.40000072477848
0.8515571566074506,-86.18503016319282
0.8428663553986074,-85.97005960160715
0.8428663553986074,-85.97005960160715
0.8341399648750042,-85.75509192412724
0.8254135743514008,-85.54012424664734
0.8166871838277976,-85.32515656916743
0.8166871838277976,-85.32515656916743
0.9968134724736484,-85.30786964670314
1.1769397611194992,-85.29058272423885
1.3570660497653502,-85.27329580177454
1.5371923384112007,-85.25600887931024
1.7173186270570515,-85.23872195684595
1.7173186270570515,-85.23872195684595
1.715308767219752,-85.05136370179812
1.7132989073824523,-84.86400544675028
1.7112890475451528,-84.67664719170246
1.7112890475451528,-84.67664719170246
1.9099894334780816,-84.66378574142793
2.10868981941101,-84.65092429115342
2.307390205343939,-84.63806284087889
2.506090591276868,-84.62520139060436
2.506090591276868,-84.62520139060436
2.706513655478191,-84.61247056119704
2.9069367196795146,-84.59973973178973
2.9069367196795146,-84.59973973178973
2.8896832570261517,-84.38089549677095
2.8896832570261517,-84.38089549677095
3.041387024285668,-84.36381567199926
3.041387024285668,-84.36381567199926
3.2158630645338446,-84.343302341291
3.2158630645338446,-84.343302341291
3.2147478439600228,-84.14612618316525
3.213632623386201,-83.94895002503952
3.212517402812379,-83.75177386691378
3.2114021822385572,-83.55459770878805
3.2102869616647354,-83.35742155066231
3.2102869616647354,-83.35742155066231
3.180643854196701,-83.17923081502389
3.1510007467286667,-83.00104007938545
3.121357639260632,-82.82284934374702
3.7486972975897195,-102.25841282486111
3.6035486487954795,-102.22870641242639
3.458400000001239,-102.19899999999168
3.458400000001239,-102.19899999999168
3.238700000001233,-102.21899999999167
3.238700000001233,-102.21899999999167
3.072300000001238,-102.19299999999163
3.072300000001238,-102.19299999999163
2.98799104261352,-102.1709443733049
2.98799104261352,-102.1709443733049
2.8888000000012464,-102.1449999999916
2.8888000000012464,-102.1449999999916
2.892900000001253,-102.11799999999158
2.892900000001253,-102.11799999999158
2.798200000001257,-102.09589999999156
2.798200000001257,-102.09589999999156
2.784200000001254,-102.11059999999156
2.784200000001254,-102.11059999999156
2.6335000000012587,-102.08459999999153
2.6335000000012587,-102.08459999999153
2.5744000000012575,-102.08199999999154
2.5744000000012575,-102.08199999999154
2.50250000000126,-102.07699999999151
2.50250000000126,-102.07699999999151
2.4861000000012576,-102.0849999999915
2.4861000000012576,-102.0849999999915
2.412000000001257,-102.08499999999148
2.412000000001257,-102.08499999999148
2.390900000001256,-102.08999999999152
2.390900000001256,-102.08999999999152
2.3273000000012565,-102.08799999999147
2.3273000000012565,-102.08799999999147
2.3083000000012586,-102.07999999999146
2.3083000000012586,-102.07999999999146
2.1610000000012595,-102.07499999999143
2.1610000000012595,-102.07499999999143
2.137300000001261,-102.06699999999144
2.137300000001261,-102.06699999999144
2.0245000000012587,-102.0749999999914
2.0245000000012587,-102.0749999999914
1.9715000000012584,-102.0759999999914
1.9715000000012584,-102.0759999999914
1.9035000000012412,-102.08799999999138
1.9035000000012412,-102.08799999999138
1.903800000001253,-102.10399999999139
1.903800000001253,-102.10399999999139
1.7784000000012468,-102.13299999999136
1.7784000000012468,-102.13299999999136
1.7516000000012224,-102.26199999999139
1.7516000000012224,-102.26199999999139
1.5414000000012267,-102.22999999999132
1.5414000000012267,-102.22999999999132
1.5278000000012228,-102.25699999999132
1.5278000000012228,-102.25699999999132
1.3611000000012288,-102.2219999999913
1.3611000000012288,-102.2219999999913
1.3486000000012248,-102.2429999999913
1.3486000000012248,-102.2429999999913
1.2207000000012322,-102.20299999999126
1.2207000000012322,-102.20299999999126
1.2140000000012277,-102.22299999999127
1.2140000000012277,-102.22299999999127
1.1375784811139216,-102.1827276281545
1.1375784811139216,-102.1827276281545
1.1356846184829543,-102.18172963789883
-45.54363813361988,-76.14442277125785
-45.59316906680324,-76.40951138559936
-45.642699999986604,-76.67459999994087
-45.642699999986604,-76.67459999994087
-45.67214999998673,-76.92112499994079
-45.701599999986854,-77.1676499999407
-45.73104999998697,-77.41417499994063
-45.7604999999871,-77.66069999994055
-45.7604999999871,-77.66069999994055
-45.58849999998717,-77.7639999999407
-45.58849999998717,-77.7639999999407
-45.42286666665388,-77.83939999994084
-45.25723333332059,-77.914799999941
-45.0915999999873,-77.99019999994114
-45.0915999999873,-77.99019999994114
-44.92147499998733,-78.04427499994131
-44.75134999998736,-78.09834999994146
-44.58122499998739,-78.15242499994163
-44.41109999998742,-78.2064999999418
-44.41109999998742,-78.2064999999418
-44.45569999998754,-78.43543333327503
-44.50029999998766,-78.66436666660827
-44.54489999998778,-78.8932999999415
-44.54489999998778,-78.8932999999415
-44.58509999998789,-79.12413333327476
-44.62529999998801,-79.35496666660802
-44.66549999998812,-79.58579999994127
-44.66549999998812,-79.58579999994127
-44.704299999988244,-79.81756666660785
-44.74309999998836,-80.04933333327443
-44.78189999998848,-80.281099999941
-44.78189999998848,-80.281099999941
-44.81326666665528,-80.55623333327426
-44.844633333322086,-80.83136666660752
-44.875999999988885,-81.10649999994078
-44.875999999988885,-81.10649999994078
-44.905366666655695,-81.38253333327404
-44.93473333332251,-81.65856666660729
-44.96409999998932,-81.93459999994054
-44.96409999998932,-81.93459999994054
-44.77739999998936,-82.00229999994072
-44.590699999989404,-82.06999999994089
-44.403999999989445,-82.13769999994106
-44.403999999989445,-82.13769999994106
-44.212749999989484,-82.19094999994125
-44.021499999989516,-82.24419999994143
-43.83024999998955,-82.29744999994162
-43.638999999989586,-82.35069999994181
-43.638999999989586,-82.35069999994181
-43.44442499998961,-82.390249999942
-43.249849999989635,-82.42979999994218
-43.05527499998966,-82.46934999994235
-42.860699999989684,-82.50889999994254
-42.860699999989684,-82.50889999994254
-42.890899999989806,-82.74354999994249
-42.92109999998993,-82.97819999994243
-42.95129999999005,-83.21284999994238
-42.98149999999017,-83.44749999994232
-42.98149999999017,-83.44749999994232
-42.87299999999017,-83.45379999994242
-42.87299999999017,-83.45379999994242
-42.65616666665687,-83.50376666660928
-42.43933333332358,-83.55373333327613
-42.22249999999028,-83.60369999994299
-42.22249999999028,-83.60369999994299
-42.039566666656974,-83.64119999994317
-41.856633333323664,-83.67869999994335
-41.673699999990355,-83.71619999994353
-41.673699999990355,-83.71619999994353
-41.490699999990376,-83.75309999994369
-41.307699999990405,-83.78999999994383
-41.124699999990426,-83.82689999994399
-41.124699999990426,-83.82689999994399
-41.1467666666572,-84.04693333327727
-41.16883333332398,-84.26696666661056
-41.190899999990755,-84.48699999994383
-41.190899999990755,-84.48699999994383
-41.21169999999088,-84.70746666661046
-41.232499999991006,-84.92793333327707
-41.25329999999113,-85.14839999994369
-41.25329999999113,-85.14839999994369
-41.28809999999127,-85.42132499994364
-41.32289999999141,-85.69424999994357
-41.357699999991546,-85.96717499994351
-41.392499999991685,-86.24009999994345
-41.392499999991685,-86.24009999994345
-41.42469999999183,-86.51417499994339
-41.45689999999198,-86.78824999994333
-41.489099999992135,-87.06232499994326
-41.52129999999228,-87.3363999999432
-41.52129999999228,-87.3363999999432
-41.39709999999229,-87.37674999994331
-41.27289999999231,-87.41709999994345
-41.27289999999231,-87.41709999994345
-41.28434999999244,-87.67449999994341
-41.29579999999258,-87.93189999994338
-41.30724999999271,-88.18929999994336
-41.318699999992845,-88.44669999994332
-41.318699999992845,-88.44669999994332
-41.33849999999298,-88.7143333332766
-41.35829999999313,-88.98196666660988
-41.37809999999327,-89.24959999994316
-41.37809999999327,-89.24959999994316
-41.39603333332675,-89.51773333327645
-41.41396666666024,-89.78586666660973
-41.43189999999372,-90.05399999994303
-41.43189999999372,-90.05399999994303
-41.24519999999373,-90.0707999999432
-41.058499999993735,-90.08759999994338
-41.058499999993735,-90.08759999994338
-41.06643333332719,-90.30476666661002
-41.074366666660644,-90.52193333327666
-41.0822999999941,-90.7390999999433
-41.0822999999941,-90.7390999999433
-41.08903333332755,-90.95639999994329
-41.09576666666099,-91.17369999994328
-41.10249999999444,-91.39099999994326
-41.10249999999444,-91.39099999994326
-40.91719999999447,-91.43329999994342
-40.7318999999945,-91.47559999994358
-40.7318999999945,-91.47559999994358
-40.58206666666118,-91.48779999994373
-40.43223333332786,-91.49999999994387
-40.28239999999453,-91.51219999994402
-40.28239999999453,-91.51219999994402
-40.132566666661205,-91.52423333327748
-39.98273333332788,-91.53626666661094
-39.83289999999455,-91.5482999999444
-39.83289999999455,-91.5482999999444
-39.671699999994566,-91.56669999994456
-39.51049999999458,-91.5850999999447
-39.34929999999459,-91.60349999994486
-39.34929999999459,-91.60349999994486
-39.18806666666128,-91.62163333327833
-39.02683333332796,-91.6397666666118
-38.86559999999464,-91.65789999994527
-38.86559999999464,-91.65789999994527
-38.883199999994766,-91.88516666661191
-38.90079999999488,-92.11243333327853
-38.918399999995,-92.33969999994517
-38.918399999995,-92.33969999994517
-38.93469999999513,-92.56729999994515
-38.950999999995254,-92.79489999994514
-38.96729999999538,-93.02249999994513
-38.96729999999538,-93.02249999994513
-38.78799999999539,-93.03993333327861
-38.60869999999541,-93.05736666661208
-38.42939999999542,-93.07479999994557
-38.42939999999542,-93.07479999994557
-38.442624999995544,-93.30517499994555
-38.455849999995664,-93.53554999994553
-38.46907499999578,-93.76592499994551
-38.48229999999591,-93.99629999994549
-38.48229999999591,-93.99629999994549
-38.29097499999593,-94.02049999994566
-38.099649999995954,-94.04469999994582
-37.908324999995976,-94.06889999994598
-37.716999999996,-94.09309999994615
-37.716999999996,-94.09309999994615
-37.53789999999601,-94.1022749999463
-37.35879999999602,-94.11144999994646
-37.17969999999603,-94.12062499994661
-37.00059999999604,-94.12979999994677
-37.00059999999604,-94.12979999994677
-36.995433333329515,-94.38969999994676
-36.99026666666298,-94.64959999994676
-36.98509999999646,-94.90949999994675
-36.98509999999646,-94.90949999994675
-36.97826666666326,-95.16929999994674
-36.97143333333007,-95.42909999994674
-36.96459999999687,-95.68889999994674
-36.96459999999687,-95.68889999994674
-36.95367499999699,-95.90454999994675
-36.942749999997105,-96.12019999994675
-36.931824999997225,-96.33584999994676
-36.920899999997346,-96.55149999994677
-36.920899999997346,-96.55149999994677
-36.908424999997465,-96.76689999994677
-36.895949999997576,-96.98229999994678
-36.88347499999769,-97.19769999994676
-36.87099999999781,-97.41309999994677
-36.87099999999781,-97.41309999994677
-36.67853333333115,-97.40929999994692
-36.48606666666449,-97.4054999999471
-36.29359999999784,-97.40169999994725
-36.29359999999784,-97.40169999994725
-36.26839999999797,-97.65544999994728
-36.2431999999981,-97.90919999994729
-36.217999999998234,-98.1629499999473
-36.192799999998364,-98.41669999994733
-36.192799999998364,-98.41669999994733
-36.18087999999849,-98.63971999994733
-36.16895999999861,-98.86273999994735
-36.15703999999874,-99.08575999994736
-36.14511999999886,-99.30877999994738
-36.133199999998986,-99.53179999994738
-36.133199999998986,-99.53179999994738
-36.119199999999104,-99.7544399999474
-36.10519999999923,-99.97707999994739
-36.09119999999935,-100.1997199999474
-36.07719999999947,-100.4223599999474
-36.06319999999959,-100.64499999994742
-36.06319999999959,-100.64499999994742
-36.041133333333036,-100.85866666661411
-36.01906666666649,-101.0723333332808
-35.996999999999936,-101.28599999994749
-35.996999999999936,-101.28599999994749
-35.973800000000054,-101.49933333328084
-35.95060000000017,-101.7126666666142
-35.92740000000029,-101.92599999994755
-35.92740000000029,-101.92599999994755
-35.90306666666707,-102.13899999994757
-35.87873333333385,-102.3519999999476
-35.85440000000063,-102.56499999994762
-35.85440000000063,-102.56499999994762
-35.82896666666741,-102.77733333328098
-35.803533333334194,-102.98966666661433
-35.778100000000975,-103.20199999994769
-35.778100000000975,-103.20199999994769
-35.75020000000112,-103.46733333328106
-35.72230000000126,-103.73266666661443
-35.69440000000141,-103.99799999994781
-35.69440000000141,-103.99799999994781
-35.66476666666822,-104.26299999994784
-35.63513333333503,-104.52799999994787
-35.60550000000184,-104.7929999999479
-35.60550000000184,-104.7929999999479
-35.57820000000195,-104.99233333328125
-35.55090000000206,-105.19166666661462
-35.52360000000217,-105.39099999994798
-35.52360000000217,-105.39099999994798
-35.49533333333561,-105.589999999948
-35.46706666666905,-105.78899999994803
-35.43880000000249,-105.98799999994806
-35.43880000000249,-105.98799999994806
-35.42370000000262,-106.21399999994809
-35.40860000000274,-106.43999999994811
-35.393500000002874,-106.66599999994814
-35.393500000002874,-106.66599999994814
-35.37716666666966,-106.89166666661484
-35.360833333336444,-107.11733333328152
-35.34450000000323,-107.34299999994822
-35.34450000000323,-107.34299999994822
-35.309800000003364,-107.58566666661493
-35.27510000000349,-107.82833333328162
-35.240400000003625,-108.07099999994833
-35.240400000003625,-108.07099999994833
-35.20423333333709,-108.31299999994836
-35.168066666670555,-108.5549999999484
-35.13190000000402,-108.79699999994843
-35.13190000000402,-108.79699999994843
-34.98507500000409,-108.91249999994855
-34.83825000000415,-109.02799999994869
-34.69142500000421,-109.14349999994883
-34.54460000000427,-109.25899999994895
-34.54460000000427,-109.25899999994895
-34.54495001550062,-109.25705000817504
40.30949432202231,-124.0751782946225
40.31668523743449,-124.27615164349584
40.323876152846665,-124.47712499236916
40.33106706825885,-124.67809834124249
40.33106706825885,-124.67809834124249
40.33874471217282,-124.93539889416289
40.3464223560868,-125.19269944708327
40.35410000000077,-125.45000000000367
40.35410000000077,-125.45000000000367
40.366200000000774,-125.686333333337
40.378300000000785,-125.92266666667034
40.39040000000079,-126.15900000000367
40.39040000000079,-126.15900000000367
40.40106666666745,-126.39566666667034
40.41173333333411,-126.63233333333702
40.42240000000077,-126.86900000000368
40.42240000000077,-126.86900000000368
40.43160000000077,-127.10566666667034
40.44080000000076,-127.342333333337
40.45000000000076,-127.57900000000366
40.45000000000076,-127.57900000000366
40.53850000000076,-127.57900000000366
40.53850000000076,-127.57900000000366
40.572600000000776,-127.71700000000365
40.572600000000776,-127.71700000000365
40.741966666667444,-127.69100000000365
40.91133333333411,-127.66500000000367
41.08070000000078,-127.63900000000368
41.08070000000078,-127.63900000000368
41.25006666666746,-127.61266666667035
41.41943333333413,-127.58633333333702
41.58880000000081,-127.5600000000037
41.58880000000081,-127.5600000000037
41.55510000000078,-127.44600000000374
41.55510000000078,-127.44600000000374
41.64050000000077,-127.40100000000369
41.64050000000077,-127.40100000000369
41.69210000000078,-127.2410000000037
41.69210000000078,-127.2410000000037
41.858325000000775,-127.19050000000368
42.02455000000077,-127.14000000000368
42.19077500000077,-127.08950000000368
42.35700000000077,-127.03900000000367
42.35700000000077,-127.03900000000367
42.521150000000766,-126.93600000000367
42.685300000000765,-126.83300000000366
42.84945000000077,-126.73000000000367
43.01360000000077,-126.62700000000368
43.01360000000077,-126.62700000000368
43.11507500000077,-126.86300000000368
43.21655000000077,-127.09900000000368
43.31802500000077,-127.33500000000367
43.419500000000774,-127.57100000000368
43.419500000000774,-127.57100000000368
43.519025000000774,-127.81025000000368
43.61855000000078,-128.04950000000366
43.71807500000078,-128.28875000000366
43.81760000000078,-128.52800000000366
43.81760000000078,-128.52800000000366
43.91507500000078,-128.77050000000366
44.012550000000786,-129.01300000000367
44.110025000000796,-129.25550000000368
44.2075000000008,-129.49800000000369
44.2075000000008,-129.49800000000369
44.3029250000008,-129.74350000000368
44.39835000000079,-129.98900000000367
44.49377500000079,-130.2345000000037
44.58920000000079,-130.48000000000368
44.58920000000079,-130.48000000000368
44.75935000000079,-130.42350000000368
44.929500000000786,-130.3670000000037
44.929500000000786,-130.3670000000037
45.10745000000078,-130.2180000000037
45.28540000000078,-130.06900000000368
45.28540000000078,-130.06900000000368
45.41400000000079,-130.18700000000376
45.41400000000079,-130.18700000000376
45.575100000000795,-130.06150000000372
45.7362000000008,-129.9360000000037
45.7362000000008,-129.9360000000037
45.896000000000804,-129.8690000000037
45.896000000000804,-129.8690000000037
45.94270000000081,-130.07300000000373
45.94270000000081,-130.07300000000373
46.06925000000081,-130.0620000000037
46.19580000000081,-130.05100000000368
46.19580000000081,-130.05100000000368
46.229100000000805,-129.9170000000037
46.229100000000805,-129.9170000000037
46.43320000000082,-129.8030000000037
46.43320000000082,-129.8030000000037
46.40150000000076,-129.57200000000367
46.40150000000076,-129.57200000000367
46.56730000000076,-129.49375000000367
46.733100000000775,-129.41550000000368
46.89890000000078,-129.33725000000368
47.064700000000784,-129.25900000000368
47.064700000000784,-129.25900000000368
47.23027500000079,-129.17875000000367
47.39585000000079,-129.0985000000037
47.5614250000008,-129.01825000000372
47.72700000000081,-128.9380000000037
47.72700000000081,-128.9380000000037
47.83540000000081,-129.1900000000037
47.83540000000081,-129.1900000000037
47.99813333333414,-129.10666666667035
48.160866666667474,-129.02333333333704
48.3236000000008,-128.9400000000037
48.3236000000008,-128.9400000000037
48.47600000000082,-129.1470000000037
48.47600000000082,-129.1470000000037
48.67235000000083,-129.0330000000037
48.868700000000835,-128.9190000000037
48.868700000000835,-128.9190000000037
48.97140000000082,-129.1810000000037
49.07410000000081,-129.4430000000037
49.176800000000796,-129.7050000000037
49.176800000000796,-129.7050000000037
49.27766666666747,-129.97033333333704
49.37853333333414,-130.2356666666704
49.479400000000815,-130.50100000000373
49.479400000000815,-130.50100000000373
49.64716666666749,-130.38800000000373
49.81493333333415,-130.27500000000373
49.982700000000825,-130.16200000000373
49.982700000000825,-130.16200000000373
50.05540000000082,-130.30000000000373
50.05540000000082,-130.30000000000373
50.217200000000844,-130.16200000000373
50.217200000000844,-130.16200000000373
50.29790000000083,-130.3290000000037
50.29790000000083,-130.3290000000037
50.46470000000082,-130.2540000000037
50.46470000000082,-130.2540000000037
50.612333333334156,-130.42033333333706
50.7599666666675,-130.58666666667037
50.90760000000084,-130.7530000000037
50.90760000000084,-130.7530000000037
51.04635000000084,-130.91350000000372
51.18510000000084,-131.07400000000374
51.18510000000084,-131.07400000000374
51.385822321439804,-130.96876535390322
51.58654464287878,-130.86353070780274
51.58654464287878,-130.86353070780274
51.61210000000082,-130.85000000000377
51.61210000000082,-130.85000000000377
51.779051091115605,-130.73197726546283
51.94600218223039,-130.61395453092192
52.11295327334517,-130.49593179638097
52.11295327334517,-130.49593179638097
52.27954285022475,-130.37523002655504
52.44613242710434,-130.25452825672915
52.61272200398392,-130.13382648690322
-35.09473426929945,-110.8278592313926
-35.09520000000509,-110.8262999999486
-35.09520000000509,-110.8262999999486
-35.091673851043815,-110.79485107040637
-35.091673851043815,-110.79485107040637
-35.061300000004934,-110.5269999999486
-35.061300000004934,-110.5269999999486
-34.94600000000484,-110.3259999999487
-34.94600000000484,-110.3259999999487
-34.81710000000474,-110.14099999994878
-34.81710000000474,-110.14099999994878
-34.70190000000464,-109.91899999994885
-34.70190000000464,-109.91899999994885
-34.6092000000045,-109.69099999994893
-34.6092000000045,-109.69099999994893
-34.576900000004386,-109.47499999994895
-34.54460000000427,-109.25899999994895
-34.54460000000427,-109.25899999994895
-34.54495001550062,-109.25705000817504
-34.54495001550062,-109.25705000817504
-34.54529999999927,-109.2551
-34.54495001550062,-109.25705000817504
-34.54529999999927,-109.2551
-34.54529999999927,-109.2551
-34.37449999999929,-109.26605
-34.203699999999294,-109.277
-34.203699999999294,-109.277
-34.06019999999929,-109.2735
-33.91669999999929,-109.27
-33.91669999999929,-109.27
-33.70189999999931,-109.205
-33.70189999999931,-109.205
-33.546799999999315,-109.264
-33.39169999999932,-109.323
-33.39169999999932,-109.323
-33.26589999999931,-109.3665
-33.14009999999931,-109.41
-33.14009999999931,-109.41
-33.02039999999931,-109.183
-33.02039999999931,-109.183
-32.93649999999932,-108.972
-32.93649999999932,-108.972
-32.798999999999324,-109.089
-32.66149999999932,-109.20600000000002
-32.66149999999932,-109.20600000000002
-32.53074999999933,-109.32050000000001
-32.39999999999934,-109.435
-32.39999999999934,-109.435
-32.257599999999336,-109.613
-32.115199999999334,-109.791
-32.115199999999334,-109.791
-32.01749999999934,-110.0005
-31.91979999999934,-110.21000000000001
-31.91979999999934,-110.21000000000001
-31.85153333333268,-110.36900000000001
-31.783266666666012,-110.528
-31.71499999999935,-110.68700000000001
-31.71499999999935,-110.68700000000001
-31.664599999999357,-110.85866666666668
-31.61419999999936,-111.03033333333333
-31.563799999999368,-111.202
-31.563799999999368,-111.202
-31.560099999999363,-111.431
-31.556399999999357,-111.66
-31.556399999999357,-111.66
-31.54629999999936,-111.8415
-31.53619999999936,-112.023
-65.80765294552103,-177.74049070930965
-65.70727647276269,-177.40624535464985
-65.60690000000436,-177.07199999999006
-65.60690000000436,-177.07199999999006
-65.50080000000436,-176.73624999999
-65.39470000000438,-176.40049999998996
-65.28860000000438,-176.06474999998989
-65.18250000000438,-175.72899999998984
-65.18250000000438,-175.72899999998984
-65.34375000000438,-175.39949999998979
-65.50500000000436,-175.06999999998973
-65.50500000000436,-175.06999999998973
-65.67010000000435,-174.74399999998974
-65.83520000000435,-174.41799999998975
-65.83520000000435,-174.41799999998975
-65.67065000000436,-174.06349999998963
-65.50610000000437,-173.70899999998952
-65.50610000000437,-173.70899999998952
-65.37415000000436,-173.41099999998946
-65.24220000000437,-173.11299999998943
-65.11025000000437,-172.81499999998937
-64.97830000000437,-172.5169999999893
-64.97830000000437,-172.5169999999893
-64.82282500000436,-172.21274999998928
-64.66735000000435,-171.90849999998923
-64.51187500000434,-171.60424999998918
-64.35640000000433,-171.29999999998915
-64.35640000000433,-171.29999999998915
-64.48192500000434,-170.9857499999891
-64.60745000000436,-170.67149999998907
-64.73297500000439,-170.357249999989
-64.8585000000044,-170.04299999998895
-64.8585000000044,-170.04299999998895
-64.76370000000438,-169.83899999998894
-64.76370000000438,-169.83899999998894
-64.5907333333377,-169.59566666665555
-64.41776666667103,-169.35233333332218
-64.24480000000435,-169.10899999998878
-64.24480000000435,-169.10899999998878
-64.07330000000435,-168.86566666665541
-63.90180000000436,-168.62233333332205
-63.73030000000436,-168.37899999998868
-63.73030000000436,-168.37899999998868
-63.57422500000436,-168.16249999998865
-63.41815000000435,-167.94599999998863
-63.262075000004344,-167.7294999999886
-63.10600000000434,-167.51299999998858
-63.10600000000434,-167.51299999998858
-62.95200000000435,-167.28674999998856
-62.79800000000435,-167.0604999999885
-62.644000000004354,-166.83424999998846
-62.49000000000436,-166.60799999998844
-62.49000000000436,-166.60799999998844
-62.605600000004344,-166.19899999998842
-62.605600000004344,-166.19899999998842
-62.73940000000434,-165.84899999998834
-62.87320000000434,-165.49899999998829
-63.00700000000433,-165.1489999999882
-63.00700000000433,-165.1489999999882
-63.12192500000433,-164.84199999998816
-63.23685000000434,-164.53499999998812
-63.35177500000434,-164.22799999998807
-63.46670000000434,-163.92099999998803
-63.46670000000434,-163.92099999998803
-63.30030000000434,-163.61433333332133
-63.13390000000434,-163.30766666665463
-62.96750000000434,-163.00099999998793
-62.96750000000434,-163.00099999998793
-62.82402500000434,-162.7659999999879
-62.68055000000433,-162.53099999998787
-62.53707500000433,-162.29599999998783
-62.39360000000433,-162.0609999999878
-62.39360000000433,-162.0609999999878
-62.504000000004325,-161.69949999998778
-62.61440000000433,-161.33799999998772
-62.61440000000433,-161.33799999998772
-62.71736666667099,-161.035333333321
-62.82033333333765,-160.73266666665432
-62.92330000000431,-160.42999999998761
-62.92330000000431,-160.42999999998761
-62.75935000000429,-160.15899999998757
-62.59540000000427,-159.88799999998753
-62.59540000000427,-159.88799999998753
-62.69765000000427,-159.59174999998748
-62.799900000004286,-159.29549999998744
-62.9021500000043,-158.99924999998737
-63.0044000000043,-158.70299999998733
-63.0044000000043,-158.70299999998733
-62.896450000004286,-158.5484999999873
-62.78850000000427,-158.3939999999873
-62.78850000000427,-158.3939999999873
-62.88233333333761,-158.12966666665392
-62.97616666667095,-157.86533333332056
-63.07000000000429,-157.60099999998718
-63.07000000000429,-157.60099999998718
-63.154666666670956,-157.30633333332048
-63.23933333333762,-157.01166666665375
-63.32400000000428,-156.71699999998705
-63.32400000000428,-156.71699999998705
-63.200166666670945,-156.48533333332037
-63.0763333333376,-156.25366666665366
-62.952500000004264,-156.02199999998697
-62.952500000004264,-156.02199999998697
-62.779233333337594,-155.76599999998695
-62.605966666670916,-155.50999999998695
-62.432700000004246,-155.25399999998692
-62.432700000004246,-155.25399999998692
-62.26857500000424,-155.0214999999869
-62.104450000004235,-154.78899999998688
-61.94032500000423,-154.55649999998687
-61.77620000000422,-154.32399999998685
-61.77620000000422,-154.32399999998685
-61.836100000004215,-154.18099999998682
-61.836100000004215,-154.18099999998682
-61.69046666667088,-154.00766666665348
-61.54483333333755,-153.8343333333201
-61.399200000004214,-153.66099999998676
-61.399200000004214,-153.66099999998676
-61.21303333333754,-153.4216666666534
-61.02686666667087,-153.1823333333201
-60.8407000000042,-152.94299999998674
-60.8407000000042,-152.94299999998674
-60.66990000000419,-152.73699999998672
-60.499100000004184,-152.5309999999867
-60.32830000000418,-152.32499999998672
-60.15750000000417,-152.1189999999867
-60.15750000000417,-152.1189999999867
-59.98547500000416,-151.92149999998668
-59.81345000000415,-151.7239999999867
-59.64142500000414,-151.5264999999867
-59.46940000000413,-151.32899999998668
-59.46940000000413,-151.32899999998668
-59.55213333333746,-151.01333333331996
-59.63486666667078,-150.69766666665328
-59.71760000000411,-150.38199999998656
-59.71760000000411,-150.38199999998656
-59.5831000000041,-150.19099999998653
-59.448600000004085,-149.9999999999865
-59.314100000004075,-149.80899999998647
-59.314100000004075,-149.80899999998647
-59.15010000000408,-149.6273333333198
-58.98610000000408,-149.44566666665315
-58.822100000004085,-149.26399999998648
-58.822100000004085,-149.26399999998648
-58.649075000004075,-149.01699999998647
-58.47605000000406,-148.76999999998645
-58.30302500000404,-148.52299999998644
-58.13000000000403,-148.27599999998642
-58.13000000000403,-148.27599999998642
-57.938233333337365,-148.08133333331975
-57.74646666667069,-147.8866666666531
-57.554700000004026,-147.69199999998642
-57.554700000004026,-147.69199999998642
-57.59630000000402,-147.42949999998638
-57.637900000004024,-147.16699999998633
-57.637900000004024,-147.16699999998633
-57.47275000000402,-146.92399999998634
-57.307600000004015,-146.68099999998634
-57.307600000004015,-146.68099999998634
-57.147850000004006,-146.50549999998634
-56.988100000003996,-146.32999999998634
-56.828350000003994,-146.1544999999863
-56.668600000003984,-145.9789999999863
-56.668600000003984,-145.9789999999863
-56.52163333333732,-145.78999999998632
-56.374666666670656,-145.6009999999863
-56.22770000000399,-145.4119999999863
-56.22770000000399,-145.4119999999863
-56.07986666667065,-145.22699999998628
-55.9320333333373,-145.04199999998627
-55.784200000003956,-144.85699999998624
-55.784200000003956,-144.85699999998624
-55.84725000000395,-144.66949999998621
-55.91030000000395,-144.48199999998621
-55.91030000000395,-144.48199999998621
-55.998350000003946,-144.19249999998618
-56.08640000000395,-143.90299999998615
-56.174450000003944,-143.6134999999861
-56.26250000000394,-143.32399999998606
-56.26250000000394,-143.32399999998606
-56.35170000000392,-143.01449999998601
-56.44090000000391,-142.704999999986
-56.530100000003884,-142.395499999986
-56.61930000000387,-142.08599999998594
-56.61930000000387,-142.08599999998594
-56.69260000000387,-141.79433333331923
-56.76590000000387,-141.50266666665252
-56.83920000000387,-141.2109999999858
-56.83920000000387,-141.2109999999858
-56.910400000003854,-140.91566666665244
-56.98160000000384,-140.62033333331905
-57.05280000000382,-140.3249999999857
-57.05280000000382,-140.3249999999857
-56.91250000000382,-140.1829999999857
-56.77220000000382,-140.0409999999857
-56.77220000000382,-140.0409999999857
-56.60406666667048,-139.8756666666524
-56.43593333333713,-139.71033333331906
-56.26780000000379,-139.54499999998575
-56.26780000000379,-139.54499999998575
-56.086833333337125,-139.42699999998575
-55.90586666667046,-139.30899999998573
-55.7249000000038,-139.19099999998573
-55.7249000000038,-139.19099999998573
-55.6697500000038,-139.38449999998576
-55.61460000000381,-139.5779999999858
-55.61460000000381,-139.5779999999858
-55.43275000000379,-139.4154999999858
-55.25090000000378,-139.25299999998578
-55.25090000000378,-139.25299999998578
-55.07136666667044,-139.10166666665245
-54.8918333333371,-138.95033333331912
-54.71230000000376,-138.7989999999858
-54.71230000000376,-138.7989999999858
-54.52186666667042,-138.64533333331914
-54.33143333333708,-138.4916666666525
-54.14100000000374,-138.33799999998584
-54.14100000000374,-138.33799999998584
-53.949966666670406,-138.1886666666525
-53.758933333337076,-138.03933333331918
-53.56790000000374,-137.88999999998583
-53.56790000000374,-137.88999999998583
-53.62785000000373,-137.7059999999858
-53.68780000000372,-137.52199999998578
-53.68780000000372,-137.52199999998578
-53.76076666667038,-137.2113333333191
-53.833733333337044,-136.9006666666524
-53.9067000000037,-136.5899999999857
-53.9067000000037,-136.5899999999857
-53.73636666667035,-136.45333333331905
-53.566033333337,-136.31666666665242
-53.39570000000365,-136.17999999998577
-53.39570000000365,-136.17999999998577
-53.47813333333698,-135.8889999999857
-53.5605666666703,-135.5979999999857
-53.643000000003624,-135.30699999998563
-53.643000000003624,-135.30699999998563
-53.70402500000361,-135.0314999999856
-53.765050000003605,-134.7559999999856
-53.8260750000036,-134.4804999999856
-53.887100000003585,-134.20499999998557
-53.887100000003585,-134.20499999998557
-53.97460000000357,-133.8712499999855
-54.062100000003554,-133.53749999998547
-54.14960000000354,-133.2037499999854
-54.23710000000352,-132.86999999998534
-54.23710000000352,-132.86999999998534
-54.30216666667018,-132.62199999998532
-54.367233333336834,-132.3739999999853
-54.432300000003494,-132.12599999998528
-54.432300000003494,-132.12599999998528
-54.495833333336826,-131.8756666666519
-54.55936666667016,-131.62533333331857
-54.62290000000349,-131.3749999999852
-54.62290000000349,-131.3749999999852
-54.70002500000347,-131.04599999998516
-54.77715000000346,-130.71699999998512
-54.85427500000344,-130.38799999998508
-54.93140000000342,-130.05899999998505
-54.93140000000342,-130.05899999998505
-54.99713333333675,-129.82099999998502
-55.062866666670075,-129.582999999985
-55.1286000000034,-129.34499999998496
-55.1286000000034,-129.34499999998496
-55.19290000000339,-129.1046666666516
-55.25720000000338,-128.86433333331826
-55.32150000000337,-128.6239999999849
-55.32150000000337,-128.6239999999849
-55.38247500000335,-128.27574999998487
-55.44345000000334,-127.92749999998483
-55.504425000003316,-127.57924999998478
-55.5654000000033,-127.23099999998475
-55.5654000000033,-127.23099999998475
-55.398300000003296,-127.08733333331809
-55.23120000000329,-126.94366666665142
-55.064100000003286,-126.79999999998476
-55.064100000003286,-126.79999999998476
-55.10115000000326,-126.49849999998474
-55.13820000000322,-126.19699999998471
-55.13820000000322,-126.19699999998471
-55.21717500000321,-125.91699999998468
-55.2961500000032,-125.63699999998465
-55.375125000003194,-125.35699999998461
-55.45410000000318,-125.07699999998458
-55.45410000000318,-125.07699999998458
-55.49850000000317,-124.80533333331789
-55.54290000000316,-124.5336666666512
-55.58730000000315,-124.26199999998451
-55.58730000000315,-124.26199999998451
-55.6298666666698,-123.98866666665116
-55.67243333333646,-123.71533333331779
-55.71500000000311,-123.44199999998443
-55.71500000000311,-123.44199999998443
-55.7677000000031,-123.17966666665107
-55.820400000003104,-122.91733333331771
-55.8731000000031,-122.65499999998435
-55.8731000000031,-122.65499999998435
-55.924133333336414,-122.39066666665099
-55.97516666666973,-122.12633333331762
-56.026200000003044,-121.86199999998425
-56.026200000003044,-121.86199999998425
-55.929150000003034,-121.74849999998426
-55.83210000000302,-121.63499999998429
-55.83210000000302,-121.63499999998429
-55.62770000000302,-121.49933333331764
-55.42330000000301,-121.36366666665097
-55.21890000000301,-121.22799999998432
-55.21890000000301,-121.22799999998432
-55.016625000003,-121.08674999998435
-54.814350000002996,-120.94549999998438
-54.61207500000299,-120.8042499999844
-54.40980000000298,-120.66299999998444
-54.40980000000298,-120.66299999998444
-54.48706666666963,-120.3369999999844
-54.564333333336265,-120.01099999998438
-54.64160000000291,-119.68499999998434
-54.64160000000291,-119.68499999998434
-54.70056666666956,-119.3169999999843
-54.759533333336215,-118.94899999998428
-54.818500000002864,-118.58099999998424
-54.818500000002864,-118.58099999998424
-54.66243333333619,-118.49166666665091
-54.50636666666952,-118.4023333333176
-54.350300000002846,-118.31299999998427
-54.350300000002846,-118.31299999998427
-54.18542500000284,-118.2439999999843
-54.020550000002835,-118.17499999998432
-53.85567500000283,-118.10599999998436
-53.690800000002824,-118.03699999998439
-53.690800000002824,-118.03699999998439
-53.50190000000281,-117.91166666665107
-53.3130000000028,-117.78633333331774
-53.12410000000279,-117.66099999998443
-53.12410000000279,-117.66099999998443
-53.06742500000281,-117.98999999998446
-53.010750000002815,-118.3189999999845
-52.95407500000283,-118.64799999998452
-52.89740000000285,-118.97699999998456
-52.89740000000285,-118.97699999998456
-52.752400000002865,-118.87499999998457
-52.752400000002865,-118.87499999998457
-52.57226666666953,-118.72399999998458
-52.39213333333618,-118.5729999999846
-52.212000000002845,-118.42199999998462
-52.212000000002845,-118.42199999998462
-52.065266666669494,-118.32133333331798
-51.91853333333615,-118.22066666665133
-51.7718000000028,-118.11999999998469
-51.7718000000028,-118.11999999998469
-51.62483333333613,-118.02133333331803
-51.47786666666946,-117.92266666665135
-51.33090000000279,-117.8239999999847
-51.33090000000279,-117.8239999999847
-51.17883333333612,-117.72333333331805
-51.02676666666945,-117.62266666665141
-50.87470000000278,-117.52199999998477
-50.87470000000278,-117.52199999998477
-50.72240000000278,-117.42299999998478
-50.57010000000277,-117.32399999998478
-50.417800000002764,-117.22499999998479
-50.417800000002764,-117.22499999998479
-50.24300000000276,-117.08399999998481
-50.06820000000276,-116.94299999998482
-49.89340000000276,-116.80199999998484
-49.89340000000276,-116.80199999998484
-49.71810000000274,-116.66399999998487
-49.54280000000272,-116.52599999998488
-49.36750000000271,-116.3879999999849
-49.36750000000271,-116.3879999999849
-49.42292500000269,-116.09924999998488
-49.47835000000268,-115.81049999998487
-49.53377500000267,-115.52174999998485
-49.589200000002656,-115.23299999998483
-49.589200000002656,-115.23299999998483
-49.63313333333596,-115.00733333331813
-49.677066666669276,-114.78166666665145
-49.72100000000258,-114.55599999998475
-49.72100000000258,-114.55599999998475
-49.7636333333359,-114.32899999998473
-49.80626666666922,-114.10199999998473
-49.84890000000254,-113.87499999998471
-49.84890000000254,-113.87499999998471
-49.6850666666692,-113.83166666665139
-49.52123333333587,-113.78833333331808
-49.357400000002535,-113.74499999998476
-49.357400000002535,-113.74499999998476
-49.1852666666692,-113.67266666665144
-49.01313333333586,-113.60033333331813
-48.84100000000252,-113.52799999998481
-48.84100000000252,-113.52799999998481
-48.66873333333586,-113.45699999998483
-48.49646666666919,-113.38599999998486
-48.32420000000253,-113.31499999998488
-48.32420000000253,-113.31499999998488
-48.14056666666918,-113.25366666665157
-47.95693333333584,-113.19233333331827
-47.77330000000249,-113.13099999998497
-47.77330000000249,-113.13099999998497
-47.58956666666916,-113.07066666665165
-47.40583333333582,-113.01033333331833
-47.222100000002484,-112.94999999998501
-47.222100000002484,-112.94999999998501
-47.05120000000248,-112.88374999998503
-46.88030000000247,-112.81749999998505
-46.70940000000246,-112.75124999998506
-46.53850000000246,-112.68499999998508
-46.53850000000246,-112.68499999998508
-46.36747500000246,-112.6202499999851
-46.19645000000245,-112.55549999998512
-46.02542500000244,-112.49074999998513
-45.85440000000244,-112.42599999998515
-45.85440000000244,-112.42599999998515
-45.832700000002454,-112.67499999998516
-45.832700000002454,-112.67499999998516
-45.663450000002456,-112.61249999998518
-45.49420000000246,-112.54999999998519
-45.49420000000246,-112.54999999998519
-45.308733333335795,-112.49366666665189
-45.123266666669124,-112.43733333331858
-44.93780000000246,-112.38099999998528
-44.93780000000246,-112.38099999998528
-44.75223333333579,-112.32599999998529
-44.56666666666912,-112.2709999999853
-44.38110000000245,-112.21599999998531
-44.38110000000245,-112.21599999998531
-44.17866666666911,-112.13433333331866
-43.97623333333576,-112.05266666665203
-43.773800000002424,-111.97099999998538
-43.773800000002424,-111.97099999998538
-43.571166666669086,-111.89066666665207
-43.36853333333575,-111.81033333331875
-43.16590000000241,-111.72999999998544
-43.16590000000241,-111.72999999998544
-43.00503333333574,-111.66599999998546
-42.84416666666906,-111.60199999998547
-42.68330000000239,-111.53799999998549
-42.68330000000239,-111.53799999998549
-42.52233333333572,-111.47499999998551
-42.36136666666906,-111.41199999998553
-42.200400000002396,-111.34899999998555
-42.200400000002396,-111.34899999998555
-42.22455000000237,-111.15149999998553
-42.248700000002344,-110.95399999998551
-42.248700000002344,-110.95399999998551
-42.02540000000235,-110.92349999998554
-41.80210000000235,-110.89299999998556
-41.578800000002346,-110.86249999998557
-41.35550000000235,-110.8319999999856
-41.35550000000235,-110.8319999999856
-41.15690000000235,-110.80599999998562
-40.95830000000236,-110.77999999998563
-40.75970000000236,-110.75399999998565
-40.75970000000236,-110.75399999998565
-40.56106666666902,-110.72833333331901
-40.36243333333568,-110.70266666665236
-40.16380000000234,-110.67699999998572
-40.16380000000234,-110.67699999998572
-39.96750000000233,-110.62899999998574
-39.771200000002324,-110.58099999998576
-39.574900000002316,-110.53299999998578
-39.574900000002316,-110.53299999998578
-39.378533333335646,-110.48566666665246
-39.18216666666897,-110.43833333331916
-38.9858000000023,-110.39099999998585
-38.9858000000023,-110.39099999998585
-38.98397500000231,-110.61074999998586
-38.98215000000232,-110.83049999998585
-38.98032500000234,-111.05024999998585
-38.97850000000235,-111.26999999998586
-38.97850000000235,-111.26999999998586
-38.87760000000235,-111.26799999998589
-38.87760000000235,-111.26799999998589
-38.67706666666902,-111.2009999999859
-38.47653333333568,-111.13399999998592
-38.27600000000235,-111.06699999998592
-38.27600000000235,-111.06699999998592
-38.075366666669005,-111.00099999998595
-37.87473333333567,-110.93499999998596
-37.674100000002326,-110.86899999998599
-37.674100000002326,-110.86899999998599
-37.46350000000233,-110.80199999998601
-37.25290000000232,-110.73499999998603
-37.04230000000232,-110.66799999998605
-37.04230000000232,-110.66799999998605
-36.83160000000232,-110.6023333333194
-36.62090000000231,-110.53666666665274
-36.410200000002305,-110.47099999998608
-36.410200000002305,-110.47099999998608
-36.3578000000023,-110.7389999999861
-36.3578000000023,-110.7389999999861
-36.218600000002326,-110.7149999999861
-36.218600000002326,-110.7149999999861
-36.024350000002315,-110.64699999998612
-35.83010000000231,-110.57899999998614
-35.83010000000231,-110.57899999998614
-35.813400000002325,-110.73699999998614
-35.79670000000234,-110.89499999998614
-35.79670000000234,-110.89499999998614
-35.63750000000233,-110.88899999998615
-35.47830000000232,-110.88299999998618
-35.319100000002315,-110.8769999999862
-35.319100000002315,-110.8769999999862
-35.20691713465088,-110.8524296156894
-35.09473426929945,-110.8278592313926
-35.09473426929945,-110.8278592313926
-35.090800000002325,-110.8269999999862
-54.86914262424813,-29.748936007450396
-55.036721230373445,-29.73182030245661
-55.20429983649877,-29.714704597462827
-55.20429983649877,-29.714704597462827
-55.32679983132148,-29.814704616580656
-55.32679983132148,-29.814704616580656
-55.50089983241386,-29.793604644643153
-55.50089983241386,-29.793604644643153
-55.604799833490695,-29.77280466154366
-55.604799833490695,-29.77280466154366
-55.68349983120239,-29.817004674148194
-55.68349983120239,-29.817004674148194
-55.718699818296855,-30.066354678730562
-55.75389980539131,-30.31570468331296
-55.75389980539131,-30.31570468331296
-55.863499804842824,-30.326304701217566
-55.863499804842824,-30.326304701217566
-55.94909980442891,-30.334304715273078
-55.94909980442891,-30.334304715273078
-56.05169980452723,-30.332404732260187
-56.05169980452723,-30.332404732260187
-56.13449980489458,-30.32530474606341
-56.13449980489458,-30.32530474606341
-56.29039980445479,-30.333804772103292
-56.29039980445479,-30.333804772103292
-56.443399802173026,-30.37790479768063
-56.443399802173026,-30.37790479768063
-56.44919978442506,-30.72100479679642
-56.44919978442506,-30.72100479679642
-56.51099978410957,-30.727104807242426
-56.51099978410957,-30.727104807242426
-56.5698997832666,-30.743404817169846
-56.5698997832666,-30.743404817169846
-56.71459978327436,-30.743254842016682
-56.85929978328212,-30.74310486686352
-56.85929978328212,-30.74310486686352
-56.85099979745984,-30.46900486696319
-56.85099979745984,-30.46900486696319
-56.9723497997621,-30.424504888336116
-57.093699802064364,-30.380004909709072
-57.093699802064364,-30.380004909709072
-57.09537153654583,-30.134081137625913
-8.181728504109234,156.3016806473987
-8.378262803287388,156.32984451791896
-8.57479710246554,156.3580083884392
-8.771331401643694,156.3861722589595
-8.967865700821847,156.41433612947975
-9.1644,156.4425
-9.1644,156.4425
-9.2152,156.28319999999997
-9.2152,156.28319999999997
-9.2592,156.08050000000003
-9.2592,156.08050000000003
-9.3884,156.08550000000002
-9.5176,156.09050000000002
-9.5176,156.09050000000002
-9.5613,155.90030000000002
-9.5613,155.90030000000002
-9.492,155.84299999999996
-9.492,155.84299999999996
-9.5606,155.65070000000003
-9.5606,155.65070000000003
-9.501,155.61400000000003
-9.501,155.61400000000003
-9.5533,155.4876
-9.5533,155.4876
-9.4833,155.46860000000004
-9.4833,155.46860000000004
-9.5511,155.31439999999998
-9.6189,155.16020000000003
-9.6189,155.16020000000003
-9.7162,155.19740000000002
-9.7162,155.19740000000002
-9.7959,155.0745
-9.7959,155.0745
-9.814,154.95979999999997
-9.8321,154.8451
-9.8321,154.8451
-9.7237,154.8429
-9.7237,154.8429
-9.785466666666666,154.63466666666665
-9.847233333333335,154.4264333333333
-9.909000000000002,154.21820000000002
-9.909000000000002,154.21820000000002
-10.111,154.20484999999996
-10.313,154.19150000000002
-10.313,154.19150000000002
-10.3245,154.01692500000001
-10.336,153.84235
-10.3475,153.667775
-10.359,153.4932
-10.359,153.4932
-10.3865,153.2819
-10.3865,153.2819
-10.38975,153.0863
-10.393,152.89070000000004
-10.393,152.89070000000004
-10.2503,152.88665000000003
-10.1076,152.88260000000002
-10.1076,152.88260000000002
-10.0691,152.69169999999997
-10.0691,152.69169999999997
-10.06025,152.46665000000002
-10.0514,152.2416
-10.0514,152.2416
-9.9591,152.25369999999998
-9.9591,152.25369999999998
-9.95815,152.12245000000001
-9.9572,151.9912
-9.9572,151.9912
-9.935099999999997,151.9171
-9.935099999999997,151.9171
-9.90444482303313,151.82985696565208
-57.09537153654583,-30.134081137625913
-57.26341430212375,-30.112455620109728
-57.43145706770168,-30.090830102593515
-57.5994998332796,-30.06920458507733
-57.5994998332796,-30.06920458507733
-57.59789984360117,-29.851704585779203
-57.59789984360117,-29.851704585779203
-57.81923317705315,-29.849204623055755
-58.04056651050513,-29.84670466033228
-58.26189984395711,-29.844204697608802
-58.26189984395711,-29.844204697608802
-58.271899836235804,-30.006904698589977
-58.271899836235804,-30.006904698589977
-58.44966650378832,-29.98823806297989
-58.62743317134084,-29.96957142736977
-58.80519983889336,-29.950904791759683
-58.80519983889336,-29.950904791759683
-58.81669985728604,-29.563404795492147
-58.81669985728604,-29.563404795492147
-58.99097485738936,-29.561229826996623
-59.16524985749268,-29.5590548585011
-59.339524857596004,-29.556879890005604
-59.513799857699325,-29.55470492151008
-59.513799857699325,-29.55470492151008
-59.51439984458077,-29.831104920347144
-59.51499983146222,-30.107504919184237
-59.51499983146222,-30.107504919184237
-59.72599983326775,-30.06945495876917
-59.93699983507327,-30.031404998354134
-59.93699983507327,-30.031404998354134
-60.05529983863727,-29.956305021252973
-60.173599842201256,-29.88120504415184
-60.173599842201256,-29.88120504415184
-60.30414984892227,-29.73960507005654
-60.43469985564329,-29.59800509596124
-60.43469985564329,-29.59800509596124
-60.58317349071871,-29.574176135991024
-60.58317349071871,-29.574176135991024
-60.6196277267795,-29.568291870488736
-60.6196277267795,-29.568291870488736
-60.64719037624994,-29.177206800230124
-60.64719037624994,-29.177206800230124
-60.66785891276705,-29.18370053530981
-3.5618934265131843,144.01680624878946
-3.558918742135723,144.05087695349272
-3.558918742135723,144.05087695349272
-3.5450443710678616,144.20943847674636
-3.53117,144.368
-3.53117,144.368
-3.54065,144.58749999999998
-3.55013,144.80700000000002
-3.55013,144.80700000000002
-3.528443333333333,145.0043333333333
-3.5067566666666665,145.20166666666665
-3.48507,145.399
-3.48507,145.399
-3.4814575,145.57675
-3.477845,145.7545
-3.4742325,145.93225
-3.47062,146.11
-3.47062,146.11
-3.454155,146.2625
-3.43769,146.41499999999996
-3.43769,146.41499999999996
-3.5434366666666666,146.55533333333335
-3.6491833333333337,146.69566666666668
-3.7549300000000003,146.836
-3.7549300000000003,146.836
-3.6409900000000004,146.918
-3.6409900000000004,146.918
-3.51435,146.99900000000002
-3.51435,146.99900000000002
-3.38515,147.08299999999997
-3.38515,147.08299999999997
-3.261,147.16200000000003
-3.261,147.16200000000003
-3.15205,147.24099999999999
-3.15205,147.24099999999999
-3.05326,147.325
-3.05326,147.325
-2.9620400000000005,147.40700000000004
-2.9620400000000005,147.40700000000004
-2.90886,147.478
-2.90886,147.478
-2.88103,147.539
-2.88103,147.539
-2.87857,147.60500000000002
-2.87857,147.60500000000002
-2.81284,147.81600000000003
-2.81284,147.81600000000003
-2.92212,147.983
-2.92212,147.983
-3.02628,148.123
-3.02628,148.123
-3.083455,148.226
-3.14063,148.329
-3.14063,148.329
-3.2219500000000005,148.49900000000002
-3.2219500000000005,148.49900000000002
-3.30577,148.675
-3.30577,148.675
-3.39465,148.878
-3.39465,148.878
-3.46572,149.089
-3.46572,149.089
-3.52151,149.29499999999996
-3.52151,149.29499999999996
-3.54429,149.45299999999997
-3.54429,149.45299999999997
-3.569589999999999,149.603
-3.569589999999999,149.603
-3.579659999999999,149.71699999999998
-3.579659999999999,149.71699999999998
-3.5922999999999994,149.77300000000002
-3.5922999999999994,149.77300000000002
-3.6176399999999913,149.81600000000003
-3.6176399999999913,149.81600000000003
-3.7252327313303835,149.95241362499848
-3.7252327313303835,149.95241362499848
-3.771937730561997,150.07001291702676
-3.818642729793611,150.1876122090551
-3.818642729793611,150.1876122090551
-3.9049003568483225,150.2460932548454
-3.9049003568483225,150.2460932548454
-3.8727465029218067,150.39935764721872
-3.840592648995291,150.55262203959205
-3.808438795068775,150.70588643196538
-3.808438795068775,150.70588643196538
-3.754238784532621,150.84304163680753
-3.700038773996467,150.98019684164967
-3.700038773996467,150.98019684164967
-3.797144019031438,151.09162161385268
-3.797144019031438,151.09162161385268
-3.7265883694845288,151.20723493304502
-3.6560327199376195,151.32284825223735
-3.6560327199376195,151.32284825223735
-3.7481647074831317,151.42102889973694
-3.7481647074831317,151.42102889973694
-3.6652816188957797,151.56143879635277
-3.6652816188957797,151.56143879635277
-3.7712927246329473,151.67681399611587
-3.7712927246329473,151.67681399611587
-3.703011933976275,151.85425405717308
-3.6347311433196032,152.03169411823023
-3.6347311433196032,152.03169411823023
-3.6467565102801607,152.12410331070885
-25.637022092834663,69.96812505084705
-25.644584315172988,69.9847441748953
-25.644584315172988,69.9847441748953
-25.78318954345241,70.12602944992557
-25.92179477173183,70.26731472495584
-26.06040000001125,70.40859999998611
-26.06040000001125,70.40859999998611
-25.986400000011294,70.53699999998616
-25.912400000011335,70.66539999998622
-25.912400000011335,70.66539999998622
-26.04985000001139,70.82984999998615
-26.187300000011444,70.99429999998608
-26.187300000011444,70.99429999998608
-26.0831000000115,71.13539999998616
-26.0831000000115,71.13539999998616
-26.206866666678216,71.28359999998611
-26.33063333334493,71.43179999998608
-26.45440000001165,71.57999999998606
-26.45440000001165,71.57999999998606
-26.385700000011678,71.7165999999861
-26.385700000011678,71.7165999999861
-26.52085000001174,71.89109999998607
-26.6560000000118,72.06559999998603
-26.6560000000118,72.06559999998603
-26.718200000011787,72.00839999998598
-26.718200000011787,72.00839999998598
-26.853876875319212,72.1520923938877
-26.989553750626637,72.29578478778944
-26.989553750626637,72.29578478778944
-27.146200000011937,72.46259999998585
-27.146200000011937,72.46259999998585
-27.28840000001199,72.61513333331914
-27.43060000001204,72.76766666665242
-27.57280000001209,72.92019999998573
-27.57280000001209,72.92019999998573
-27.445800000012156,73.1226999999858
-27.445800000012156,73.1226999999858
-27.550400000012203,73.26109999998579
-27.655000000012254,73.39949999998578
-27.655000000012254,73.39949999998578
-27.569800000012286,73.53419999998579
-27.569800000012286,73.53419999998579
-27.694600000012333,73.67896666665243
-27.819400000012383,73.82373333331907
-27.94420000001243,73.96849999998568
-27.94420000001243,73.96849999998568
-28.06856666667915,74.11426666665233
-28.192933333345866,74.26003333331897
-28.317300000012587,74.40579999998559
-28.317300000012587,74.40579999998559
-28.429300000012546,74.29899999998554
-28.541300000012505,74.19219999998546
-28.541300000012505,74.19219999998546
-28.662033333345878,74.32536666665209
-28.782766666679255,74.45853333331871
-28.903500000012627,74.59169999998537
-28.903500000012627,74.59169999998537
-29.023833333346005,74.72579999998533
-29.144166666679382,74.85989999998532
-29.26450000001276,74.99399999998528
-29.26450000001276,74.99399999998528
-29.32840000001274,74.93759999998522
-29.32840000001274,74.93759999998522
-29.45615000001279,75.09167499998517
-29.58390000001284,75.24574999998515
-29.711650000012888,75.39982499998513
-29.83940000001294,75.55389999998508
-29.83940000001294,75.55389999998508
-29.922600000012906,75.45899999998502
-30.005800000012876,75.364099999985
-30.005800000012876,75.364099999985
-30.11760000001293,75.51489999998495
-30.11760000001293,75.51489999998495
-30.240100000012898,75.3925999999849
-30.240100000012898,75.3925999999849
-30.35123333334627,75.52746666665155
-30.462366666679642,75.66233333331817
-30.573500000013013,75.7971999999848
-30.573500000013013,75.7971999999848
-30.68423333334639,75.93296666665145
-30.79496666667977,76.06873333331805
-30.905700000013148,76.2044999999847
-30.905700000013148,76.2044999999847
-30.970400000013136,76.14809999998465
-30.970400000013136,76.14809999998465
-31.094025000013175,76.28342499998462
-31.217650000013215,76.41874999998458
-31.341275000013255,76.55407499998455
-31.464900000013294,76.68939999998452
-31.464900000013294,76.68939999998452
-31.59200000001325,76.54209999998449
-31.71910000001321,76.3947999999844
-31.71910000001321,76.3947999999844
-31.84273333334659,76.53399999998436
-31.966366666679967,76.67319999998432
-32.09000000001335,76.81239999998428
-32.09000000001335,76.81239999998428
-32.21316666668006,76.95273333331761
-32.336333333346765,77.09306666665088
-32.45950000001348,77.23339999998416
-32.45950000001348,77.23339999998416
-32.58220000001352,77.3748666666508
-32.704900000013566,77.51633333331745
-32.82760000001361,77.65779999998409
-32.82760000001361,77.65779999998409
-32.94980000001365,77.80046666665072
-33.072000000013695,77.9431333333174
-33.19420000001374,78.08579999998403
-33.19420000001374,78.08579999998403
-33.355225000013675,77.90229999998394
-33.51625000001362,77.71879999998384
-33.677275000013566,77.53529999998369
-33.838300000013504,77.3517999999836
-33.838300000013504,77.3517999999836
-34.000133333346895,77.5400666666502
-34.161966666680286,77.72833333331687
-34.32380000001368,77.91659999998348
-34.32380000001368,77.91659999998348
-34.48476666668041,78.10703333331674
-34.64573333334713,78.29746666665005
-34.80670000001386,78.48789999998331
-34.80670000001386,78.48789999998331
-34.84230000001384,78.44229999998333
-34.84230000001384,78.44229999998333
-35.00175000001391,78.62289999998325
-35.16120000001397,78.80349999998327
-35.16120000001397,78.80349999998327
-35.29167500001393,78.65289999998316
-35.422150000013886,78.50229999998305
-35.55262500001385,78.351699999983
-35.68310000001381,78.20109999998289
-35.68310000001381,78.20109999998289
-35.821400000013845,78.36403333331617
-35.95970000001388,78.52696666664951
-36.09800000001392,78.6898999999828
-36.09800000001392,78.6898999999828
-36.229711975515514,78.84742938359682
-36.3614239510171,79.00495876721095
-36.4931359265187,79.16248815082497
-36.4931359265187,79.16248815082497
-36.510900000014075,79.18389999998266
-36.510900000014075,79.18389999998266
-36.673366666680685,78.99136666664924
-36.83583333334729,78.79883333331577
-36.9983000000139,78.60629999998235
-36.9983000000139,78.60629999998235
-37.15983333334717,78.41129999998225
-37.32136666668044,78.21629999998208
-37.482900000013714,78.02129999998198
-37.482900000013714,78.02129999998198
-37.61232500001377,78.19249999998192
-37.74175000001383,78.36369999998192
-37.87117500001389,78.53489999998192
-38.00060000001395,78.70609999998192
-38.00060000001395,78.70609999998192
-38.13146666668055,78.53123333331513
-38.26233333334716,78.35636666664834
-38.39320000001376,78.18149999998155
-38.39320000001376,78.18149999998155
-38.52620000001382,78.3553999999815
-38.65920000001388,78.5292999999815
-38.65920000001388,78.5292999999815
-38.77443333334717,78.37723333331473
-38.889666666680455,78.22516666664797
-39.00490000001374,78.07309999998125
-39.00490000001374,78.07309999998125
-39.13345000001378,78.22849999998118
-39.26200000001383,78.38389999998117
-39.26200000001383,78.38389999998117
-39.40025000001377,78.19314999998107
-39.53850000001372,78.00239999998092
-39.53850000001372,78.00239999998092
-39.66063333334709,78.14339999998094
-39.78276666668047,78.2843999999809
-39.904900000013846,78.42539999998087
-39.904900000013846,78.42539999998087
-40.04526666668045,78.22509999998078
-40.185633333347056,78.02479999998064
-40.32600000001366,77.8244999999805
-40.32600000001366,77.8244999999805
-40.46110000001371,77.98929999998046
-40.596200000013766,78.15409999998042
-40.73130000001382,78.31889999998037
-40.86640000001387,78.48369999998033
-40.86640000001387,78.48369999998033
-40.872200000013926,78.65859999998037
-40.872200000013926,78.65859999998037
-41.000150000013974,78.82372499998036
-41.128100000014015,78.98884999998029
-41.25605000001406,79.15397499998028
-41.38400000001411,79.31909999998027
-41.38400000001411,79.31909999998027
-41.51097500001417,79.48682499998023
-41.63795000001423,79.65454999998019
-41.76492500001428,79.82227499998015
-41.89190000001434,79.98999999998011
-41.89190000001434,79.98999999998011
-41.765233333347716,80.14783333331354
-41.6385666666811,80.30566666664697
-41.51190000001448,80.4634999999804
-41.51190000001448,80.4634999999804
-41.38456666668119,80.61949999998052
-41.2572333333479,80.77549999998064
-41.12990000001461,80.9314999999807
-41.12990000001461,80.9314999999807
-41.27805000001467,81.13662499998071
-41.42620000001473,81.34174999998066
-41.57435000001479,81.54687499998067
-41.722500000014854,81.75199999998063
-41.722500000014854,81.75199999998063
-41.86915000001491,81.96092499998059
-42.01580000001496,82.16984999998056
-42.16245000001502,82.37877499998052
-42.30910000001508,82.58769999998049
-42.30910000001508,82.58769999998049
-42.45422500001514,82.80052499998044
-42.59935000001521,83.01334999998045
-42.74447500001527,83.2261749999804
-42.889600000015335,83.43899999998041
-42.889600000015335,83.43899999998041
-42.77660000001538,83.57709999998048
-42.66360000001542,83.7151999999806
-42.550600000015464,83.85329999998066
-42.550600000015464,83.85329999998066
-42.4371000000155,83.98989999998076
-42.32360000001553,84.12649999998087
-42.210100000015565,84.26309999998097
-42.210100000015565,84.26309999998097
-42.09613333334894,84.39826666664771
-41.98216666668232,84.53343333331446
-41.86820000001569,84.66859999998121
-41.86820000001569,84.66859999998121
-41.753766666682395,84.8022999999813
-41.63933333334911,84.93599999998139
-41.52490000001581,85.06969999998148
-41.52490000001581,85.06969999998148
-41.41000000001585,85.20196666664822
-41.29510000001588,85.33423333331501
-41.180200000015915,85.46649999998175
-41.180200000015915,85.46649999998175
-41.064833333349284,85.59739999998186
-40.949466666682646,85.72829999998191
-40.834100000016015,85.85919999998202
-40.834100000016015,85.85919999998202
-40.93233333334939,86.04013333331534
-41.03056666668277,86.22106666664871
-41.12880000001615,86.40199999998202
-41.12880000001615,86.40199999998202
-41.226200000016206,86.5845666666487
-41.323600000016256,86.76713333331537
-41.42100000001631,86.94969999998204
-41.42100000001631,86.94969999998204
-41.51750000001636,87.13389999998202
-41.61400000001642,87.31809999998205
-41.71050000001647,87.50229999998203
-41.71050000001647,87.50229999998203
-41.80613333334984,87.68816666664873
-41.901766666683216,87.87403333331537
-41.99740000001659,88.05989999998201
-41.99740000001659,88.05989999998201
-41.84165000001666,88.27414999998217
-41.685900000016716,88.48839999998228
-41.685900000016716,88.48839999998228
-41.77200000001677,88.66246666664898
-41.85810000001681,88.83653333331563
-41.94420000001686,89.01059999998233
-41.94420000001686,89.01059999998233
-42.02953333335024,89.18606666664897
-42.11486666668362,89.36153333331566
-42.20020000001699,89.53699999998236
-42.20020000001699,89.53699999998236
-42.284733333350374,89.71389999998235
-42.36926666668375,89.89079999998233
-42.45380000001713,90.06769999998232
-42.45380000001713,90.06769999998232
-42.537500000017175,90.24603333331567
-42.62120000001722,90.42436666664901
-42.70490000001726,90.60269999998235
-42.70490000001726,90.60269999998235
-42.787733333350644,90.78246666664904
-42.87056666668402,90.96223333331574
-42.9534000000174,91.14199999998243
-42.9534000000174,91.14199999998243
-43.03540000001745,91.32323333331578
-43.11740000001748,91.50446666664908
-43.199400000017526,91.68569999998243
-43.199400000017526,91.68569999998243
-43.2805333333509,91.86836666664914
-43.36166666668427,92.05103333331579
-43.44280000001765,92.23369999998249
-43.44280000001765,92.23369999998249
-43.52306666668436,92.41786666664916
-43.60333333335107,92.60203333331589
-43.683600000017776,92.78619999998256
-43.683600000017776,92.78619999998256
-43.762966666684484,92.97183333331589
-43.84233333335119,93.15746666664927
-43.9217000000179,93.34309999998266
-43.9217000000179,93.34309999998266
-44.00016666668462,93.53019999998264
-44.078633333351334,93.71729999998263
-44.157100000018055,93.90439999998267
-44.157100000018055,93.90439999998267
-44.234633333351425,94.09299999998268
-44.3121666666848,94.28159999998275
-44.38970000001817,94.47019999998275
-44.38970000001817,94.47019999998275
-44.46630000001822,94.66029999998278
-44.54290000001827,94.85039999998281
-44.61950000001832,95.04049999998284
-44.61950000001832,95.04049999998284
-44.80530000001829,94.92569999998273
-44.80530000001829,94.92569999998273
-44.88932500001834,95.14587499998277
-44.973350000018385,95.3660499999828
-45.057375000018425,95.58622499998279
-45.14140000001847,95.80639999998283
-45.14140000001847,95.80639999998283
-45.223725000018526,96.02917499998284
-45.30605000001857,96.25194999998291
-45.38837500001863,96.47472499998298
-45.47070000001868,96.697499999983
-45.47070000001868,96.697499999983
-45.64590000001865,96.55626666664955
-45.82110000001862,96.41503333331605
-45.996300000018586,96.2737999999826
-45.996300000018586,96.2737999999826
-46.170966666685224,96.12986666664915
-46.345633333351856,95.98593333331564
-46.520300000018494,95.84199999998225
-46.520300000018494,95.84199999998225
-46.60413333335187,96.04733333331558
-46.68796666668524,96.25266666664896
-46.771800000018615,96.45799999998235
-46.771800000018615,96.45799999998235
-46.85453333335199,96.66523333331565
-46.93726666668537,96.87246666664907
-47.02000000001874,97.07969999998244
-47.02000000001874,97.07969999998244
-47.10160000001879,97.28886666664914
-47.18320000001885,97.49803333331579
-47.2648000000189,97.70719999998255
-47.2648000000189,97.70719999998255
-47.34523333335227,97.91826666664923
-47.42566666668564,98.12933333331591
-47.50610000001901,98.34039999998265
-47.50610000001901,98.34039999998265
-47.58536666668572,98.55339999998267
-47.66463333335243,98.7663999999827
-47.74390000001914,98.97939999998277
-47.74390000001914,98.97939999998277
-47.82196666668585,99.19436666664944
-47.90003333335256,99.40933333331623
-47.978100000019275,99.6242999999829
-47.978100000019275,99.6242999999829
-47.8002000000193,99.76872499998302
-47.62230000001934,99.91314999998315
-47.44440000001937,100.05757499998327
-47.2665000000194,100.2019999999834
-47.2665000000194,100.2019999999834
-47.33280000001944,100.40699999998344
-47.39910000001947,100.61199999998348
-47.465400000019514,100.81699999998358
-47.465400000019514,100.81699999998358
-47.530600000019554,101.02333333331694
-47.595800000019594,101.22966666665036
-47.661000000019634,101.43599999998372
-47.661000000019634,101.43599999998372
-47.72510000001967,101.64399999998375
-47.78920000001971,101.85199999998383
-47.85330000001975,102.05999999998386
-47.85330000001975,102.05999999998386
-47.91623333335312,102.26933333331726
-47.979166666686496,102.47866666665067
-48.042100000019865,102.68799999998407
-48.042100000019865,102.68799999998407
-48.1039000000199,102.89899999998408
-48.16570000001994,103.10999999998415
-48.22750000001997,103.32099999998422
-48.22750000001997,103.32099999998422
-48.288100000020016,103.5336666666509
-48.34870000002007,103.74633333331764
-48.40930000002011,103.95899999998437
-48.40930000002011,103.95899999998437
-48.468766666686804,104.17299999998443
-48.528233333353505,104.38699999998448
-48.5877000000202,104.6009999999846
-48.5877000000202,104.6009999999846
-48.645933333353575,104.81633333331797
-48.704166666686945,105.0316666666514
-48.76240000002032,105.24699999998478
-48.76240000002032,105.24699999998478
-48.819433333353686,105.46399999998482
-48.876466666687044,105.68099999998492
-48.93350000002041,105.89799999998496
-48.93350000002041,105.89799999998496
-48.98930000002046,106.11666666665172
-49.0451000000205,106.33533333331843
-49.100900000020545,106.5539999999852
-49.100900000020545,106.5539999999852
-48.97115000002054,106.62299999998527
-48.84140000002054,106.69199999998534
-48.84140000002054,106.69199999998534
-48.899133333353916,106.9566666666521
-48.95686666668728,107.22133333331885
-49.01460000002066,107.48599999998561
-49.01460000002066,107.48599999998561
-49.0705000000207,107.75233333331903
-49.12640000002074,108.01866666665245
-49.18230000002078,108.28499999998587
-49.18230000002078,108.28499999998587
-49.25870000002076,108.2399999999858
-49.25870000002076,108.2399999999858
-49.324900000020804,108.51774999998588
-49.391100000020856,108.79549999998596
-49.4573000000209,109.0732499999861
-49.523500000020945,109.35099999998619
-49.523500000020945,109.35099999998619
-49.587488346525646,109.63130127775526
-49.65147669303034,109.91160255552438
-49.71546503953503,110.1919038332934
-49.779453386039734,110.47220511106252
-49.779453386039734,110.47220511106252
-49.80436171983379,110.6707068497235
-49.82927005362785,110.86920858838448
-49.82927005362785,110.86920858838448
-49.800450775120574,111.12930886035565
-49.800450775120574,111.12930886035565
-49.925334512765154,111.35569744578669
-49.925334512765154,111.35569744578669
-50.00461022585397,111.51057931999492
-50.08388593894279,111.6654611942032
-50.08388593894279,111.6654611942032
-50.113024341795565,111.99092293858013
-50.142162744648346,112.3163846829571
-50.17130114750112,112.64184642733403
-50.20043955035389,112.96730817171101
-50.20043955035389,112.96730817171101
-50.24733474616984,113.23152100821187
-50.2942299419858,113.49573384471273
-50.341125137801754,113.75994668121359
-50.3880203336177,114.02415951771451
-50.3880203336177,114.02415951771451
-50.21797060087785,114.13682178711974
-50.047920868138,114.24948405652492
-49.877871135398145,114.36214632593015
-49.877871135398145,114.36214632593015
-49.90202527016585,114.64667357035887
-49.92617940493355,114.93120081478764
-49.950333539701255,115.2157280592163
-49.97448767446896,115.50025530364508
-49.97448767446896,115.50025530364508
-49.91319201379992,115.74410095888817
-49.85189635313088,115.98794661413132
-49.85189635313088,115.98794661413132
-49.69634944106973,116.12184857277975
-49.54080252900857,116.25575053142819
-49.54080252900857,116.25575053142819
-49.405833298628764,116.44533560206798
-49.270864068248954,116.63492067270772
-49.270864068248954,116.63492067270772
-49.35829572087183,116.8573645998876
-49.445727373494705,117.07980852706748
-49.53315902611759,117.30225245424731
-49.62059067874046,117.52469638142725
-49.62059067874046,117.52469638142725
-49.70202177711985,117.74769420706775
-49.78345287549924,117.97069203270837
-49.864883973878634,118.19368985834893
-49.864883973878634,118.19368985834893
-49.83344985172471,118.37048119915903
-49.802015729570776,118.54727253996919
-49.802015729570776,118.54727253996919
-49.84761807063386,118.82087361339813
-49.89322041169694,119.09447468682708
-49.93882275276002,119.36807576025603
-49.93882275276002,119.36807576025603
-49.97120307332869,119.6696497964698
-50.00358339389735,119.97122383268362
-50.03596371446602,120.27279786889738
-50.03596371446602,120.27279786889738
-49.86246415006539,120.35537355659153
-49.68896458566476,120.43794924428562
-49.515465021264134,120.52052493197976
-49.515465021264134,120.52052493197976
-49.30687224005272,120.6276984289724
-49.0982794588413,120.73487192596508
-48.88968667762988,120.84204542295771
-48.88968667762988,120.84204542295771
-48.92841533406023,121.07980919240862
-48.967143990490584,121.31757296185958
-49.005872646920935,121.55533673131049
-49.005872646920935,121.55533673131049
-49.21058394688942,121.51590462461496
-49.41529524685791,121.47647251791943
-49.620006546826396,121.43704041122385
-49.620006546826396,121.43704041122385
-49.67800890974958,121.6522171123504
-49.73601127267277,121.8673938134769
-49.73601127267277,121.8673938134769
-49.79112005975169,122.0458490183205
-49.84622884683061,122.22430422316404
-49.84622884683061,122.22430422316404
-49.81157012423547,122.55260992357421
-49.81157012423547,122.55260992357421
-49.728322899126,122.79718924432427
-49.728322899126,122.79718924432427
-49.63531135588006,122.90493906143473
-49.54229981263412,123.01268887854513
-49.54229981263412,123.01268887854513
-49.58481016246468,123.3278405202908
-49.58481016246468,123.3278405202908
-49.43021882652608,123.47578893475037
-49.27562749058749,123.62373734920993
-49.12103615464889,123.7716857636695
-49.12103615464889,123.7716857636695
-49.01346075157846,123.8890929354261
-48.90588534850802,124.00650010718272
-48.90588534850802,124.00650010718272
-48.84739628576603,124.2118374287495
-48.84739628576603,124.2118374287495
-48.91552309280857,124.40948855995009
-48.983649899851116,124.60713969115073
-48.983649899851116,124.60713969115073
-49.06839410644994,124.79963490586039
-49.15313831304876,124.99213012057004
-49.15313831304876,124.99213012057004
-49.35797728260069,125.1249416381001
-49.35797728260069,125.1249416381001
-49.478276017276784,125.19362152129742
-49.59857475195288,125.26230140449468
-49.59857475195288,125.26230140449468
-49.657995701360164,125.57899670613551
-49.717416650767454,125.89569200777635
-49.717416650767454,125.89569200777635
-49.53959650575695,125.99544536212795
-49.36177636074645,126.09519871647956
-49.36177636074645,126.09519871647956
-49.23965534493915,126.16030272043866
-49.11753432913186,126.22540672439777
-49.11753432913186,126.22540672439777
-49.044743613853946,126.26425566214755
-49.044743613853946,126.26425566214755
-48.837259789798225,126.34915092855175
-48.62977596574251,126.4340461949559
-48.62977596574251,126.4340461949559
-48.674487056651884,126.72701360035705
-48.71919814756126,127.01998100575827
-48.76390923847063,127.31294841115943
-48.76390923847063,127.31294841115943
-48.96595347709968,127.28502012449883
-49.167997715728724,127.25709183783823
-49.370041954357774,127.22916355117763
-49.370041954357774,127.22916355117763
-49.57206550612452,127.2005379828679
-49.77408905789125,127.17191241455816
-49.976112609657996,127.14328684624843
-49.976112609657996,127.14328684624843
-50.02220366702188,127.43682165390334
-50.06829472438576,127.73035646155819
-50.11438578174964,128.0238912692131
-50.16047683911352,128.31742607686795
-50.16047683911352,128.31742607686795
-50.2065937496744,128.5869108381877
-50.25271066023528,128.85639559950744
-50.29882757079616,129.12588036082718
-50.34494448135704,129.39536512214693
-50.34494448135704,129.39536512214693
-50.389952442546985,129.68901852496458
-50.43496040373692,129.98267192778223
-50.47996836492686,130.2763253305999
-50.52497632611681,130.56997873341749
-50.52497632611681,130.56997873341749
-50.556151281384345,130.84036924413118
-50.587326236651876,131.11075975484482
-50.587326236651876,131.11075975484482
-50.60375781858345,131.25583027311956
-50.60375781858345,131.25583027311956
-50.413039653903546,131.38544884817549
-50.22232148922364,131.51506742323141
-50.22232148922364,131.51506742323141
-50.22252255358454,131.76371940476685
-50.22272361794545,132.01237138630233
-50.22292468230635,132.26102336783777
-50.22292468230635,132.26102336783777
-50.24333808175536,132.55854997925718
-50.26375148120438,132.85607659067665
-50.28416488065339,133.15360320209612
-50.304578280102405,133.45112981351554
-50.304578280102405,133.45112981351554
-50.319866188323104,133.72813738859975
-50.3351540965438,134.00514496368396
-50.3351540965438,134.00514496368396
-50.35149305018264,134.3453692292511
-50.367832003821476,134.6855934948183
-50.38417095746031,135.02581776038545
-50.38417095746031,135.02581776038545
-50.20923506922397,135.24591540777385
-50.20923506922397,135.24591540777385
-50.22202651998846,135.57252268671039
-50.23481797075295,135.89912996564692
-50.24760942151744,136.2257372445835
-50.24760942151744,136.2257372445835
-50.23856933092114,136.46589490049934
-50.22952924032484,136.7060525564151
-50.220489149728536,136.94621021233093
-50.220489149728536,136.94621021233093
-50.224876694990854,137.1987523189968
-50.22926424025317,137.45129442566264
-50.23365178551549,137.70383653232852
-50.23365178551549,137.70383653232852
-50.23331124607187,137.90606698735712
-50.23331124607187,137.90606698735712
-50.232255091574686,138.15347775656352
-50.231198937077494,138.40088852576991
-50.231198937077494,138.40088852576991
-50.243117616348826,138.74601120683155
-50.25503629562015,139.0911338878932
-50.25503629562015,139.0911338878932
-50.26587067722896,139.33239918326063
-50.26587067722896,139.33239918326063
-50.279153572476986,139.64484064169972
-50.279153572476986,139.64484064169972
-50.46441987540636,139.66314554934172
-50.64968617833573,139.68145045698373
-50.834952481265105,139.69975536462573
-51.020218784194476,139.71806027226773
-51.20548508712385,139.73636517990974
-51.20548508712385,139.73636517990974
-51.416143326541,139.7618050464376
-51.62680156595815,139.78724491296543
-51.837459805375296,139.81268477949334
-51.837459805375296,139.81268477949334
-51.818005567576094,140.0678555010714
-51.7985513297769,140.32302622264945
-51.7985513297769,140.32302622264945
-52.012681422674405,140.3577977152912
-52.22681151557191,140.39256920793298
-52.440941608469416,140.4273407005748
-52.65507170136692,140.46211219321663
-52.65507170136692,140.46211219321663
-52.75178311597073,140.47822447992513
-52.75178311597073,140.47822447992513
-52.9394153442328,140.5045452227306
-53.12704757249486,140.530865965536
-53.31467980075693,140.55718670834142
-53.502312029018995,140.5835074511469
-53.502312029018995,140.5835074511469
-53.59055326066353,140.60123667147678
-53.59055326066353,140.60123667147678
-53.73787122033164,140.63004201660237
-53.88518917999975,140.6588473617279
-53.88518917999975,140.6588473617279
-53.95114091156385,140.97701156484368
-54.01709264312794,141.2951757679594
-54.08304437469204,141.6133399710751
-54.14899610625613,141.93150417419088
-54.214947837820226,142.24966837730665
-54.214947837820226,142.24966837730665
-54.21974795014697,142.63172335244582
-54.224548062473716,143.013778327585
-54.229348174800464,143.39583330272416
-54.234148287127205,143.77788827786333
-54.234148287127205,143.77788827786333
-54.422251864856946,143.94595872679133
-54.61035544258668,144.11402917571922
-54.79845902031642,144.28209962464717
-54.79845902031642,144.28209962464717
-54.784130090451754,144.65545748741783
-54.76980116058708,145.02881535018844
-54.75547223072241,145.4021732129591
-54.75547223072241,145.4021732129591
-54.74039522045597,145.773483548255
-54.72531821018954,146.1447938835509
-54.710241199923104,146.5161042188468
-54.695164189656666,146.8874145541427
-54.695164189656666,146.8874145541427
-54.88674096936565,146.9517276548828
-55.07831774907463,147.01604075562284
-55.26989452878362,147.08035385636293
-55.4614713084926,147.14466695710303
-55.65304808820158,147.20898005784306
-55.65304808820158,147.20898005784306
-55.84444829656624,147.2765176710709
-56.035848504930904,147.34405528429886
-56.22724871329557,147.4115928975267
-56.418648921660235,147.4791305107546
-56.6100491300249,147.5466681239825
-56.6100491300249,147.5466681239825
-56.80125692581097,147.61771615117448
-56.99246472159704,147.68876417836657
-57.1836725173831,147.7598122055586
-57.37488031316917,147.83086023275064
-57.56608810895524,147.90190825994273
-57.56608810895524,147.90190825994273
-57.527128951243135,148.0761344487115
-57.527128951243135,148.0761344487115
-57.48139722082606,148.44111034154878
-57.43566549040899,148.806086234386
-57.43566549040899,148.806086234386
-57.61385827356035,148.90208125215793
-57.79205105671173,148.99807626992987
-57.970243839863095,149.0940712877018
-58.14843662301446,149.1900663054737
-58.14843662301446,149.1900663054737
-58.32632925043265,149.28998103536298
-58.50422187785083,149.38989576525216
-58.68211450526901,149.48981049514146
-58.8600071326872,149.58972522503063
-58.8600071326872,149.58972522503063
-59.03757834189286,149.69383000161974
-59.21514955109852,149.79793477820886
-59.39272076030419,149.90203955479797
-59.570291969509846,150.00614433138702
-59.570291969509846,150.00614433138702
-59.52291273413788,150.3694973017445
-59.47553349876592,150.73285027210198
-59.47553349876592,150.73285027210198
-59.662970984066014,150.8443422840877
-59.85040846936611,150.95583429607336
-60.03784595466621,151.06732630805902
-60.225283439966304,151.17881832004468
-60.4127209252664,151.29031033203034
-60.4127209252664,151.29031033203034
-60.33398292346988,151.68466206234558
-60.25524492167337,152.07901379266076
-60.17650691987686,152.473365522976
-60.17650691987686,152.473365522976
-60.09430649172217,152.8619629860304
-60.012106063567494,153.25056044908484
-59.92990563541281,153.63915791213924
-59.92990563541281,153.63915791213924
-60.11774702661646,153.80293837406998
-60.30558841782012,153.96671883600078
-60.49342980902378,154.13049929793152
-60.681271200227435,154.29427975986226
-60.681271200227435,154.29427975986226
-60.86827488278395,154.46587424467344
-61.05527856534046,154.63746872948457
-61.242282247896966,154.80906321429575
-61.42928593045348,154.98065769910693
-61.42928593045348,154.98065769910693
-61.61538388565924,155.16066135427275
-61.801481840864994,155.34066500943862
-61.987579796070754,155.5206686646045
-62.173677751276514,155.70067231977032
-62.173677751276514,155.70067231977032
-62.35879484636799,155.88973663048847
-62.54391194145947,156.07880094120662
-62.72902903655094,156.26786525192472
-62.91414613164242,156.4569295626428
-62.91414613164242,156.4569295626428
-62.810114474445875,156.81788392579028
-62.70608281724933,157.1788382889377
-62.60205116005278,157.5397926520851
-62.49801950285624,157.90074701523258
-62.393987845659694,158.26170137837994
-62.393987845659694,158.26170137837994
-62.285448746502,158.61007588757894
-62.17690964734431,158.95845039677795
-62.068370548186614,159.3068249059769
-61.959831449028925,159.6551994151759
-61.85129234987123,160.0035739243749
-54.8657585452427,-0.4201894352618183
-54.86525315586136,-0.4113075668076078
-54.86525315586136,-0.4113075668076078
-54.77132922361406,-0.2251357242089398
-54.67740529136675,-0.038963881610243334
-54.67740529136675,-0.038963881610243334
-54.56419742739867,0.20189986064420395
-54.45098956343058,0.44276360289867966
-54.45098956343058,0.44276360289867966
-54.578037566765836,0.6168537498565456
-54.7050855701011,0.79094389681444
-54.83213357343635,0.9650340437723344
-54.83213357343635,0.9650340437723344
-54.689088687308654,1.2058561915847008
-54.54604380118096,1.4466783393970672
-54.40299891505326,1.687500487209462
-54.40299891505326,1.687500487209462
-54.281481316034196,1.910866142736893
-54.15996371701514,2.1342317982643237
-54.038446117996074,2.3575974537917546
-54.038446117996074,2.3575974537917546
-53.99906070430272,2.4263166646219076
-53.99906070430272,2.4263166646219076
-53.882937152943065,2.625998528694936
-53.7668136015834,2.8256803927679357
-53.650690050223744,3.025362256840964
-53.650690050223744,3.025362256840964
-53.74197220803843,3.1964400203878256
-53.833254365853115,3.367517783934659
-53.833254365853115,3.367517783934659
-53.93092861715112,3.5636354347004158
-54.02860286844911,3.7597530854661727
-54.126277119747115,3.9558707362319296
-54.126277119747115,3.9558707362319296
-54.2783013577431,4.185371572548917
-54.43032559573909,4.414872408865932
-54.43032559573909,4.414872408865932
-54.295774331607106,4.620314302533302
-54.16122306747512,4.8257561962007
-54.16122306747512,4.8257561962007
-54.28845068561245,5.048849084106422
-54.41567830374979,5.271941972012172
-54.542905921887126,5.495034859917922
-54.542905921887126,5.495034859917922
-54.413457463474344,5.70412267970238
-54.28400900506157,5.9132104994868655
-54.28400900506157,5.9132104994868655
-54.19961894816076,6.0481393169026205
-54.11522889125995,6.183068134318347
-54.11522889125995,6.183068134318347
-53.96486364085884,6.404262930760211
-53.81449839045773,6.625457727202075
-53.81449839045773,6.625457727202075
-53.91003522532464,6.829221500475796
-54.00557206019155,7.032985273749546
-54.10110889505846,7.236749047023267
-54.10110889505846,7.236749047023267
-54.24763263821934,7.502862476618844
-54.39415638138023,7.768975906214422
-54.39415638138023,7.768975906214422
-54.273697105012864,7.942074449648231
-54.153237828645494,8.11517299308204
-54.03277855227813,8.288271536515822
-54.03277855227813,8.288271536515822
-53.91132711128428,8.458919979902475
-53.78987567029042,8.629568423289129
-53.66842422929657,8.800216866675783
-53.66842422929657,8.800216866675783
-53.5741973802074,8.936962043538301
-53.479970531118234,9.07370722040082
-53.479970531118234,9.07370722040082
-53.34892361006502,9.260479087329685
-53.21787668901181,9.44725095425855
-53.21787668901181,9.44725095425855
-53.07592105589989,9.629202570352476
-52.93396542278798,9.81115418644643
-52.79200978967606,9.993105802540356
-52.79200978967606,9.993105802540356
-52.92856558107185,10.26737078267928
-53.065121372467644,10.541635762818203
-53.065121372467644,10.541635762818203
-53.19844024621849,10.75808053253337
-53.331759119969334,10.974525302248566
-53.331759119969334,10.974525302248566
-53.19172149240766,11.162173311350642
-53.051683864845984,11.349821320452719
-52.911646237284316,11.537469329554796
-52.77160860972264,11.725117338656872
-52.77160860972264,11.725117338656872
-52.63738174959888,11.919266450961032
-52.50315488947513,12.113415563265193
-52.368928029351366,12.307564675569381
-52.368928029351366,12.307564675569381
-52.233589988856785,12.503457608889107
-52.0982519483622,12.699350542208833
-51.962913907867616,12.89524347552856
-51.962913907867616,12.89524347552856
-52.08998187530522,13.115688578587083
-52.08998187530522,13.115688578587083
-52.1775565817064,13.266871356404835
-52.1775565817064,13.266871356404835
-52.32713992861553,13.527215233086054
-52.47672327552466,13.787559109767244
-52.47672327552466,13.787559109767244
-52.316880947469095,14.012850846234556
-52.15703861941353,14.238142582701869
-51.99719629135796,14.463434319169181
-51.99719629135796,14.463434319169181
-52.100595902123786,14.679625964534608
-52.203995512889605,14.895817609900035
-52.30739512365543,15.112009255265434
-52.30739512365543,15.112009255265434
-52.19482309382904,15.271069120275513
-52.08225106400264,15.430128985285563
-52.08225106400264,15.430128985285563
-51.9346889437642,15.62612655746355
-51.78712682352577,15.822124129641537
-51.78712682352577,15.822124129641537
-51.87329981061841,16.066169091991526
-51.95947279771106,16.310214054341543
-52.045645784803696,16.55425901669153
-52.13181877189634,16.79830397904155
-52.13181877189634,16.79830397904155
-52.220988741626506,17.065005530574695
-52.310158711356664,17.33170708210784
-52.39932868108683,17.598408633640986
-52.39932868108683,17.598408633640986
-52.46554148523332,17.802047346418505
-52.46554148523332,17.802047346418505
-52.55516068509843,18.047153900329022
-52.64477988496353,18.29226045423954
-52.734399084828645,18.537367008150085
-52.734399084828645,18.537367008150085
-52.55294728214365,18.711964628155073
-52.55294728214365,18.711964628155073
-52.618912366443,19.032231733994223
-52.68487745074235,19.3524988398334
-52.75084253504169,19.672765945672552
-52.81680761934104,19.993033051511702
-52.81680761934104,19.993033051511702
-52.839812860322084,20.30736526222711
-52.862818101303134,20.621697472942515
-52.885823342284176,20.93602968365792
-52.90882858326522,21.2503618943733
-52.90882858326522,21.2503618943733
-52.944158367413834,21.56118683924808
-52.97948815156244,21.87201178412286
-53.01481793571105,22.182836728997643
-53.050147719859666,22.493661673872424
-53.050147719859666,22.493661673872424
-53.07380054776839,22.784427422720512
-53.09745337567712,23.0751931715686
-53.09745337567712,23.0751931715686
-53.20044984713513,23.02195444915327
-53.20044984713513,23.02195444915327
-53.23639762000653,23.309018392896462
-53.27234539287793,23.596082336639654
-53.308293165749326,23.883146280382846
-53.308293165749326,23.883146280382846
-53.346115209400374,24.150477093892903
-53.383937253051414,24.41780790740296
-53.42175929670246,24.685138720912988
-53.42175929670246,24.685138720912988
-53.34522635448931,24.872183452915834
-53.34522635448931,24.872183452915834
-53.444095835943564,25.17952128850601
-53.444095835943564,25.17952128850601
-53.42688460384549,25.41352652499998
-53.40967337174741,25.64753176149398
-53.40967337174741,25.64753176149398
-53.47957965204935,25.86066276533856
-53.47957965204935,25.86066276533856
-53.58184466716223,25.98695063727982
-53.58184466716223,25.98695063727982
-53.428329773007576,26.181065748177275
-53.428329773007576,26.181065748177275
-53.245747165035496,26.259866937527363
-53.063164557063416,26.338668126877423
-53.063164557063416,26.338668126877423
-52.91542165823537,26.39678337854943
-52.767678759407325,26.454898630221464
-52.619935860579275,26.51301388189347
-52.619935860579275,26.51301388189347
-52.498878224004926,26.613126785674837
-52.37782058743058,26.713239689456174
-52.37782058743058,26.713239689456174
-52.462492681921674,27.0177021074241
-52.54716477641277,27.322164525391997
-52.54716477641277,27.322164525391997
-52.67268260193309,27.370151432130427
-52.67268260193309,27.370151432130427
-52.770854776453135,27.478737542890684
-52.770854776453135,27.478737542890684
-52.83726585412144,27.79476337589486
-52.90367693178975,28.110789208899007
-52.90367693178975,28.110789208899007
-52.71917342571478,28.212743903344517
-52.53466991963981,28.31469859779
-52.53466991963981,28.31469859779
-52.40627530825945,28.358575653579834
-52.277880696879095,28.40245270936967
-52.277880696879095,28.40245270936967
-52.10901455764945,28.470264793172703
-51.94014841841982,28.53807687697571
-51.771282279190174,28.605888960778714
-51.771282279190174,28.605888960778714
-51.58508625033161,28.715732915948877
-51.39889022147304,28.825576871118983
-51.21269419261447,28.935420826289146
-51.21269419261447,28.935420826289146
-51.026197082079946,29.042629503828692
-50.839699971545414,29.14983818136824
-50.65320286101089,29.257046858907785
-50.65320286101089,29.257046858907785
-50.55650098517023,29.314233245714263
-50.55650098517023,29.314233245714263
-50.49525852936753,29.350841285040417
-50.49525852936753,29.350841285040417
-50.3579210030771,29.43993634768944
-50.3579210030771,29.43993634768944
-50.216430657124896,29.53052460998316
-50.07494031117269,29.62111287227691
-49.93344996522048,29.71170113457066
-49.93344996522048,29.71170113457066
-49.753810320044124,29.874385775872895
-49.57417067486777,30.03707041717516
-49.394531029691414,30.199755058477393
-49.214891384515056,30.362439699779657
-49.214891384515056,30.362439699779657
-49.11278563411523,30.533552513748106
-49.010679883715405,30.704665327716583
-49.010679883715405,30.704665327716583
-48.841205864069664,30.824995062491865
-48.671731844423924,30.945324797267176
-48.50225782477818,31.06565453204246
-48.332783805132436,31.18598426681777
-48.163309785486696,31.30631400159305
-48.163309785486696,31.30631400159305
-48.00310427162829,31.39944351867902
-47.84289875776989,31.49257303576499
-47.68269324391148,31.58570255285096
-47.68269324391148,31.58570255285096
-47.52226579292066,31.67713051703123
-47.36183834192985,31.76855848121147
-47.20141089093903,31.85998644539174
-47.20141089093903,31.85998644539174
-47.21713346296899,32.188455015112766
-47.232856034998946,32.51692358483382
-47.2485786070289,32.84539215455487
-47.264301179058855,33.173860724275926
-47.264301179058855,33.173860724275926
-47.05809114984363,33.256226942359206
-46.85188112062839,33.338593160442485
-46.64567109141316,33.420959378525765
-46.439461062197935,33.503325596609045
-46.439461062197935,33.503325596609045
-46.34625962794026,33.53990107958094
-46.34625962794026,33.53990107958094
-46.16262385667731,33.67905815270052
-45.97898808541435,33.818215225820126
-45.97898808541435,33.818215225820126
-46.08119848838981,33.98246342697212
-46.08119848838981,33.98246342697212
-46.08970265312114,34.0868363678143
-46.08970265312114,34.0868363678143
-46.212263666634726,34.26698268411951
-46.212263666634726,34.26698268411951
-46.221509274125516,34.503642220911786
-46.221509274125516,34.503642220911786
-46.09633873662543,34.60381634021178
-45.971168199125344,34.7039904595118
-45.971168199125344,34.7039904595118
-45.802107008397336,34.758993205201364
-45.633045817669334,34.813995950890956
-45.463984626941325,34.86899869658052
-45.463984626941325,34.86899869658052
-45.28486585015513,34.94183233079576
-45.10574707336894,35.014665965011034
-45.10574707336894,35.014665965011034
-44.9805469704872,35.09785976915029
-44.855346867605455,35.18105357328952
-44.855346867605455,35.18105357328952
-44.860604317962824,35.42039983660257
-44.8658617683202,35.659746099915594
-44.8658617683202,35.659746099915594
-44.91339242236389,35.8160612537946
-44.96092307640758,35.972376407673636
-44.96092307640758,35.972376407673636
-44.963695277431555,36.138202803854256
-44.96646747845552,36.304029200034876
-44.96646747845552,36.304029200034876
-44.943127925894345,36.490500157986986
-44.919788373333176,36.676971115939125
-44.919788373333176,36.676971115939125
-44.862003273634805,36.88134301154912
-44.804218173936434,37.085714907159115
-44.804218173936434,37.085714907159115
-44.83974699935388,37.297017627856064
-44.87527582477132,37.50832034855296
-44.87527582477132,37.50832034855296
-44.789786066242286,37.699826960456676
-44.70429630771324,37.891333572360395
-44.61880654918421,38.082840184264086
-44.61880654918421,38.082840184264086
-44.50990327464346,38.138270092122525
-44.40100000010273,38.193699999980936
-44.40100000010273,38.193699999980936
-44.22785000010272,38.26599999998109
-44.05470000010272,38.338299999981274
-44.05470000010272,38.338299999981274
-44.09140000010274,38.58316666664834
-44.12810000010276,38.82803333331543
-44.16480000010278,39.072899999982496
-44.16480000010278,39.072899999982496
-44.01843333343612,39.13769999998266
-43.872066666769456,39.20249999998276
-43.7257000001028,39.267299999982924
-43.7257000001028,39.267299999982924
-43.5792000001028,39.33113333331636
-43.4327000001028,39.39496666664979
-43.2862000001028,39.458799999983256
-43.2862000001028,39.458799999983256
-43.32405000010281,39.72054999998369
-43.36190000010281,39.98229999998415
-43.39975000010281,40.24404999998458
-43.43760000010282,40.505799999985044
-43.43760000010282,40.505799999985044
-43.473050000102816,40.768799999985475
-43.508500000102806,41.031799999985935
-43.5439500001028,41.29479999998637
-43.579400000102794,41.55779999998683
-43.579400000102794,41.55779999998683
-43.42540000010279,41.60049999998688
-43.271400000102794,41.64319999998696
-43.11740000010279,41.685899999987015
-43.11740000010279,41.685899999987015
-42.96336666676946,41.72793333332041
-42.80933333343612,41.7699666666538
-42.65530000010279,41.811999999987194
-42.65530000010279,41.811999999987194
-42.680166666769445,42.03086666665422
-42.7050333334361,42.249733333321274
-42.72990000010275,42.46859999998827
-42.72990000010275,42.46859999998827
-42.57333333343608,42.50303333332167
-42.41676666676941,42.537466666655035
-42.26020000010274,42.57189999998843
-42.26020000010274,42.57189999998843
-42.103600000102745,42.60583333332178
-41.94700000010274,42.639766666655134
-41.79040000010274,42.673699999988514
-41.79040000010274,42.673699999988514
-41.63376666676941,42.70713333332188
-41.47713333343607,42.74056666665524
-41.32050000010274,42.77399999998863
-41.32050000010274,42.77399999998863
-41.16383333343607,42.80696666665531
-41.00716666676939,42.83993333332202
-40.85050000010272,42.87289999998873
-40.85050000010272,42.87289999998873
-40.8666250001027,43.15697499998916
-40.882750000102675,43.441049999989616
-40.89887500010265,43.725124999990044
-40.91500000010263,44.00919999999047
-40.91500000010263,44.00919999999047
-40.792900000102634,44.0160999999905
-40.67080000010263,44.022999999990475
-40.67080000010263,44.022999999990475
-40.677566666769266,44.24393333332415
-40.68433333343591,44.46486666665783
-40.691100000102544,44.685799999991474
-40.691100000102544,44.685799999991474
-40.53000000010255,44.700899999991464
-40.36890000010255,44.71599999999148
-40.36890000010255,44.71599999999148
-40.367400000102506,45.00934999999191
-40.36590000010247,45.30269999999234
-40.36590000010247,45.30269999999234
-40.23720000010246,45.31724999999233
-40.10850000010246,45.33179999999231
-40.10850000010246,45.33179999999231
-40.11200000010242,45.57933333332602
-40.11550000010239,45.826866666659726
-40.119000000102346,46.0743999999934
-40.119000000102346,46.0743999999934
-39.910833333435676,46.102999999993415
-39.70266666676901,46.1315999999934
-39.49450000010234,46.16019999999341
-39.49450000010234,46.16019999999341
-39.28630000010233,46.18826666666004
-39.078100000102324,46.21633333332667
-38.86990000010231,46.244399999993334
-38.86990000010231,46.244399999993334
-38.84335000010227,46.46712499999364
-38.816800000102226,46.68984999999395
-38.79025000010218,46.91257499999426
-38.76370000010214,47.13529999999457
-38.76370000010214,47.13529999999457
-38.73545000010209,47.35732499999489
-38.70720000010205,47.5793499999952
-38.678950000102006,47.80137499999552
-38.650700000101956,48.02339999999583
-38.650700000101956,48.02339999999583
-38.478000000101964,48.017099999995736
-38.478000000101964,48.017099999995736
-38.32340000010191,48.22226666666262
-38.16880000010186,48.4274333333295
-38.01420000010181,48.63259999999639
-38.01420000010181,48.63259999999639
-38.00705000010174,48.83349999999666
-37.999900000101675,49.034399999996936
-37.999900000101675,49.034399999996936
-37.7917000001017,49.03659999999687
-37.7917000001017,49.03659999999687
-37.79132500010164,49.26372499999718
-37.79095000010157,49.490849999997494
-37.7905750001015,49.71797499999781
-37.790200000101436,49.94509999999809
-37.790200000101436,49.94509999999809
-37.59680000010144,49.96219999999806
-37.59680000010144,49.96219999999806
-37.59257500010138,50.17747499999837
-37.588350000101315,50.39274999999867
-37.584125000101245,50.608024999998946
-37.57990000010118,50.82329999999922
-37.57990000010118,50.82329999999922
-37.450700000101186,50.826999999999146
-37.450700000101186,50.826999999999146
-37.44763333343443,51.06959999999947
-37.444566666767685,51.31219999999982
-37.44150000010093,51.55480000000014
-37.44150000010093,51.55480000000014
-37.43840000010085,51.7974333333338
-37.43530000010077,52.04006666666746
-37.432200000100686,52.282700000001114
-37.432200000100686,52.282700000001114
-37.22056666676735,52.292000000000996
-37.008933333434015,52.30130000000088
-36.79730000010068,52.31060000000076
-36.79730000010068,52.31060000000076
-36.58566666676734,52.319733333334
-36.374033333434,52.32886666666724
-36.16240000010066,52.33800000000048
-36.16240000010066,52.33800000000048
-36.15926666676725,52.526100000000696
-36.15613333343385,52.71420000000094
-36.15300000010044,52.90230000000116
-36.15300000010044,52.90230000000116
-36.14896666676704,53.090366666668075
-36.144933333433634,53.27843333333499
-36.14090000010023,53.46650000000187
-36.14090000010023,53.46650000000187
-35.932833333433564,53.46786666666844
-35.724766666766904,53.469233333334955
-35.516700000100236,53.470600000001525
-35.516700000100236,53.470600000001525
-35.4452666667668,53.71910000000179
-35.37383333343336,53.96760000000205
-35.30240000009992,54.216100000002314
-35.30240000009992,54.216100000002314
-35.11220000009992,54.2258500000022
-34.922000000099914,54.23560000000211
-34.731800000099916,54.24535000000199
-34.54160000009991,54.2551000000019
-34.54160000009991,54.2551000000019
-34.5463250000998,54.51000000000221
-34.55105000009968,54.76490000000251
-34.555775000099565,55.01980000000282
-34.56050000009945,55.27470000000312
-34.56050000009945,55.27470000000312
-34.42385000009945,55.28785000000306
-34.28720000009945,55.30100000000297
-34.28720000009945,55.30100000000297
-34.261100000099354,55.49985000000319
-34.235000000099255,55.698700000003385
-34.235000000099255,55.698700000003385
-34.040933333432584,55.711766666669945
-33.846866666765905,55.724833333336505
-33.652800000099234,55.73790000000304
-33.652800000099234,55.73790000000304
-33.644133333432464,55.95880000000329
-33.635466666765694,56.17970000000355
-33.626800000098925,56.40060000000378
-33.626800000098925,56.40060000000378
-33.60260000009882,56.620633333337366
-33.57840000009871,56.84066666667093
-33.554200000098604,57.060700000004516
-33.554200000098604,57.060700000004516
-33.374400000098596,57.06832500000439
-33.19460000009859,57.07595000000424
-33.01480000009858,57.083575000004146
-32.835000000098574,57.091200000003994
-32.835000000098574,57.091200000003994
-32.65760000009857,57.10156666667058
-32.48020000009856,57.111933333337106
-32.30280000009856,57.12230000000369
-32.30280000009856,57.12230000000369
-32.12540000009855,57.13253333333688
-31.94800000009855,57.1427666666701
-31.770600000098543,57.15300000000332
-31.770600000098543,57.15300000000332
-31.754400000098435,57.36866666667021
-31.738200000098324,57.58433333333707
-31.722000000098216,57.800000000003934
-31.722000000098216,57.800000000003934
-31.711666666764764,58.01876666667084
-31.70133333343131,58.23753333333775
-31.69100000009786,58.45630000000466
-31.69100000009786,58.45630000000466
-31.479100000097844,58.48083333333784
-31.267200000097827,58.50536666667102
-31.055300000097812,58.52990000000423
-31.055300000097812,58.52990000000423
-31.053433333431027,58.742166666671125
-31.051566666764245,58.95443333333802
-31.04970000009746,59.16670000000491
-31.04970000009746,59.16670000000491
-30.88883333343079,59.173800000004775
-30.727966666764118,59.18090000000467
-30.567100000097447,59.188000000004536
-30.567100000097447,59.188000000004536
-30.565500000097323,59.39235000000474
-30.563900000097203,59.596700000004944
-30.562300000097082,59.80105000000515
-30.560700000096958,60.00540000000535
-30.560700000096958,60.00540000000535
-30.550966666763472,60.25786666667227
-30.54123333342999,60.51033333333916
-30.531500000096504,60.76280000000608
-30.531500000096504,60.76280000000608
-30.359166666763173,60.75763333333927
-30.18683333342984,60.75246666667246
-30.014500000096508,60.74730000000562
-30.014500000096508,60.74730000000562
-29.999000000096498,60.76240000000564
-29.999000000096498,60.76240000000564
-29.821066666763162,60.77040000000551
-29.643133333429823,60.77840000000538
-29.465200000096488,60.786400000005244
-29.465200000096488,60.786400000005244
-29.287233333429818,60.794333333338415
-29.109266666763144,60.80226666667161
-28.931300000096474,60.81020000000481
-28.931300000096474,60.81020000000481
-28.927500000096323,61.05086666667171
-28.923700000096172,61.29153333333858
-28.91990000009602,61.532200000005474
-28.91990000009602,61.532200000005474
-28.777200000096027,61.51760000000536
-28.777200000096027,61.51760000000536
-28.78860000009589,61.73236666667222
-28.800000000095753,61.94713333333911
-28.811400000095617,62.16190000000597
-28.811400000095617,62.16190000000597
-28.650500000095626,62.14850000000581
-28.48960000009564,62.13510000000565
-28.48960000009564,62.13510000000565
-28.47923333342883,62.33880000000585
-28.468866666762025,62.542500000006015
-28.458500000095217,62.74620000000618
-28.458500000095217,62.74620000000618
-28.305500000095236,62.724600000006035
-28.15250000009525,62.703000000005886
-28.15250000009525,62.703000000005886
-28.158250000095084,62.95710000000611
-28.164000000094916,63.21120000000633
-28.164000000094916,63.21120000000633
-28.02140000009492,63.19420000000622
-28.02140000009492,63.19420000000622
-28.03010000009477,63.40765000000641
-28.038800000094618,63.62110000000658
-28.038800000094618,63.62110000000658
-27.83130000009463,63.6037000000064
-27.83130000009463,63.6037000000064
-27.827850000094475,63.81950000000657
-27.82440000009432,64.03530000000677
-27.820950000094168,64.25110000000694
-27.817500000094014,64.46690000000712
-27.817500000094014,64.46690000000712
-27.816175000093857,64.6832000000073
-27.8148500000937,64.89950000000749
-27.813525000093538,65.11580000000771
-27.81220000009338,65.33210000000787
-27.81220000009338,65.33210000000787
-27.663150000093374,65.33980000000776
-27.514100000093364,65.34750000000759
-27.514100000093364,65.34750000000759
-27.514200000093172,65.60037500000783
-27.51430000009298,65.85325000000802
-27.514400000092785,66.10612500000823
-27.514500000092593,66.35900000000845
-27.514500000092593,66.35900000000845
-27.397800000092587,66.36600000000834
-27.281100000092586,66.37300000000823
-27.281100000092586,66.37300000000823
-27.27713333342572,66.62500000000844
-27.273166666758854,66.87700000000865
-27.26920000009199,67.12900000000883
-27.26920000009199,67.12900000000883
-27.06830000009198,67.14225000000866
-26.867400000091973,67.15550000000849
-26.867400000091973,67.15550000000849
-26.86865000009186,67.28975000000858
-26.869900000091747,67.4240000000087
-26.869900000091747,67.4240000000087
-26.72070000009174,67.42865000000856
-26.571500000091728,67.43330000000839
-26.571500000091728,67.43330000000839
-26.57533333342492,67.60960000000856
-26.579166666758105,67.7859000000087
-26.583000000091296,67.96220000000886
-26.583000000091296,67.96220000000886
-26.436800000091296,67.97065000000867
-26.290600000091292,67.97910000000854
-26.290600000091292,67.97910000000854
-26.281233333424446,68.19336666667536
-26.271866666757603,68.40763333334218
-26.262500000090757,68.62190000000902
-26.262500000090757,68.62190000000902
-26.120600000090775,68.59790000000888
-26.120600000090775,68.59790000000888
-26.14100000009059,68.81970000000905
-26.14100000009059,68.81970000000905
-26.008900000090577,68.82940000000892
-26.008900000090577,68.82940000000892
-26.001100000090442,68.98970000000904
-25.993300000090308,69.15000000000916
-25.993300000090308,69.15000000000916
-25.784300000090315,69.13790000000893
-25.784300000090315,69.13790000000893
-25.783250000090177,69.29910000000905
-25.782200000090043,69.46030000000917
-25.782200000090043,69.46030000000917
-25.676200000090017,69.49000000000905
-25.676200000090017,69.49000000000905
-25.66370000008981,69.72475000000924
-25.651200000089602,69.95950000000943
-25.651200000089602,69.95950000000943
-25.651132428515126,69.9598968400588
-6.819999999972811,68.2900000000254
-6.963333333355276,68.12999999998792
-7.106666666737742,67.96999999995043
-7.250000000120207,67.80999999991295
-7.250000000120207,67.80999999991295
-7.383333333454067,67.89666666657882
-7.516666666787929,67.98333333324467
-7.650000000121789,68.06999999991052
-7.650000000121789,68.06999999991052
-7.754769762112308,67.95147539758815
-7.859539524102826,67.83295079526579
-7.964309286093345,67.71442619294339
-7.964309286093345,67.71442619294339
-8.030000000119186,67.6399999999081
-8.030000000119186,67.6399999999081
-8.183333333453332,67.77333333324052
-8.336666666787478,67.9066666665729
-8.490000000121624,68.03999999990532
-8.490000000121624,68.03999999990532
-8.62010010107649,67.88183505733025
-8.750200202031355,67.72367011475512
-8.880300302986221,67.56550517218002
-8.880300302986221,67.56550517218002
-9.010200202029434,67.40700344808675
-9.140100101072647,67.24850172399346
-9.27000000011586,67.08999999990019
-9.27000000011586,67.08999999990019
-9.390000000116451,67.18666666656614
-9.510000000117042,67.28333333323206
-9.630000000117633,67.37999999989802
-9.630000000117633,67.37999999989802
-9.750105161779304,67.22683637631985
-9.870210323440975,67.07367275274169
-9.990315485102647,66.92050912916352
-9.990315485102647,66.92050912916352
-10.110210323439109,66.7670060860734
-10.230105161775572,66.61350304298327
-10.350000000112034,66.45999999989317
-10.350000000112034,66.45999999989317
-10.486666666779374,66.56999999989233
-10.623333333446716,66.67999999989152
-10.760000000114056,66.78999999989071
-10.760000000114056,66.78999999989071
-10.87250000011311,66.63499999988994
-10.985000000112164,66.47999999988917
-11.097500000111218,66.3249999998884
-11.210000000110272,66.16999999988764
-11.210000000110272,66.16999999988764
-11.385000000111042,66.29499999988656
-11.56000000011181,66.41999999988548
-11.56000000011181,66.41999999988548
-11.675000000110707,66.23999999988467
-11.790000000109606,66.05999999988387
-11.905000000108505,65.87999999988307
-12.020000000107402,65.69999999988227
-12.020000000107402,65.69999999988227
-12.155068595060142,65.81149275618779
-12.29013719001288,65.92298551249334
-12.42520578496562,66.03447826879886
-12.42520578496562,66.03447826879886
-12.560137190014254,66.14631884582502
-12.695068595062889,66.25815942285118
-12.830000000111523,66.36999999987734
-12.830000000111523,66.36999999987734
-12.940000000110683,66.23249999987655
-13.050000000109842,66.09499999987577
-13.160000000109001,65.95749999987498
-13.27000000010816,65.8199999998742
-13.27000000010816,65.8199999998742
-13.440000000108961,65.94999999987317
-13.61000000010976,66.07999999987214
-13.780000000110562,66.20999999987112
-13.780000000110562,66.20999999987112
-13.880000000109707,66.06999999987039
-13.98000000010885,65.92999999986966
-13.98000000010885,65.92999999986966
-14.124000000109538,66.04199999986878
-14.268000000110227,66.15399999986789
-14.412000000110915,66.26599999986703
-14.556000000111604,66.37799999986615
-14.700000000112292,66.48999999986526
-14.700000000112292,66.48999999986526
-14.842500000112906,66.58999999986438
-14.98500000011352,66.68999999986349
-15.127500000114134,66.7899999998626
-15.270000000114749,66.88999999986171
-15.270000000114749,66.88999999986171
-15.453333333448898,67.02333333319393
-15.636666666783047,67.15666666652615
-15.820000000117195,67.28999999985837
-15.820000000117195,67.28999999985837
-15.94000000011775,67.3799999998576
-15.94000000011775,67.3799999998576
-16.04000000011668,67.20499999985685
-16.14000000011561,67.0299999998561
-16.14000000011561,67.0299999998561
-16.31333333344972,67.15666666652169
-16.486666666783833,67.28333333318727
-16.660000000117943,67.40999999985286
-16.660000000117943,67.40999999985286
-16.76750000011688,67.23499999985205
-16.87500000011581,67.05999999985121
-16.982500000114747,66.88499999985038
-17.090000000113683,66.70999999984957
-17.090000000113683,66.70999999984957
-17.210000000112522,66.51999999984866
-17.330000000111358,66.32999999984776
-17.450000000110197,66.13999999984685
-17.450000000110197,66.13999999984685
-17.56000000010897,65.93999999984598
-17.67000000010775,65.73999999984511
-17.780000000106522,65.53999999984424
-17.780000000106522,65.53999999984424
-17.87333333343877,65.36333333317685
-17.966666666771015,65.18666666650944
-18.060000000103262,65.00999999984202
-18.060000000103262,65.00999999984202
-18.214000000103894,65.11199999984103
-18.368000000104526,65.21399999984004
-18.52200000010516,65.31599999983905
-18.67600000010579,65.41799999983806
-18.830000000106423,65.51999999983707
-18.830000000106423,65.51999999983707
-19.01750000010721,65.64749999983584
-19.205000000107994,65.77499999983465
-19.39250000010878,65.90249999983342
-19.580000000109564,66.02999999983223
-19.580000000109564,66.02999999983223
-19.74666666677705,66.1633333331645
-19.913333333444534,66.29666666649678
-20.08000000011202,66.42999999982902
-20.08000000011202,66.42999999982902
-19.975000000113,66.58999999982987
-19.87000000011398,66.74999999983072
-19.87000000011398,66.74999999983072
-20.04500000011486,66.89499999982962
-20.220000000115746,67.03999999982852
-20.220000000115746,67.03999999982852
-20.14500000011657,67.17499999982914
-20.070000000117396,67.30999999982976
-20.070000000117396,67.30999999982976
-20.22000000011825,67.44999999982883
-20.370000000119106,67.58999999982788
-20.370000000119106,67.58999999982788
-20.280000000120197,67.76999999982866
-20.280000000120197,67.76999999982866
-20.37500000012059,67.83499999982806
-20.470000000120983,67.89999999982746
-20.470000000120983,67.89999999982746
-20.380000000121925,68.05499999982817
-20.290000000122863,68.20999999982891
-20.290000000122863,68.20999999982891
-20.43000000012357,68.3266666664947
-20.57000000012428,68.44333333316052
-20.71000000012499,68.55999999982629
-20.71000000012499,68.55999999982629
-20.79500000012414,68.41999999982559
-20.880000000123296,68.2799999998249
-20.880000000123296,68.2799999998249
-21.070000000124043,68.40333333315701
-21.260000000124794,68.52666666648912
-21.45000000012554,68.64999999982126
-21.45000000012554,68.64999999982126
-21.610000000126373,68.78749999982026
-21.770000000127204,68.92499999981925
-21.93000000012804,69.06249999981827
-22.09000000012887,69.1999999998173
-22.09000000012887,69.1999999998173
-22.190000000128073,69.06666666648312
-22.29000000012727,68.93333333314894
-22.390000000126474,68.79999999981479
-22.390000000126474,68.79999999981479
-22.536666666793863,68.91999999981385
-22.68333333346125,69.03999999981295
-22.83000000012864,69.15999999981204
-22.83000000012864,69.15999999981204
-23.010000000129445,69.2933333331442
-23.19000000013025,69.42666666647636
-23.370000000131057,69.55999999980855
-23.370000000131057,69.55999999980855
-23.54000000013193,69.70499999980751
-23.7100000001328,69.84999999980647
-23.7100000001328,69.84999999980647
-23.820000000131905,69.69999999980553
-23.930000000131013,69.54999999980456
-24.040000000130117,69.39999999980361
-24.040000000130117,69.39999999980361
-24.205000000130962,69.53999999980255
-24.370000000131807,69.67999999980151
-24.370000000131807,69.67999999980151
-24.525000000132586,69.80999999980054
-24.68000000013337,69.93999999979954
-24.68000000013337,69.93999999979954
-24.82500000013232,69.7649999997983
-24.97000000013127,69.58999999979704
-24.97000000013127,69.58999999979704
-25.097500000132026,69.71499999979625
-25.22500000013278,69.83999999979545
-25.352500000133535,69.96499999979466
-25.48000000013429,70.08999999979386
-25.48000000013429,70.08999999979386
-25.637022092834666,69.96812505084705
-25.637022092834663,69.96812505084705
-25.644900000133525,69.96199999979254
-25.644900000133525,69.96199999979254
-25.651132428515126,69.9598968400588
10.374741604623594,57.0896832922019
10.1723708023213,57.00484164610751
9.970000000019008,56.92000000001315
9.970000000019008,56.92000000001315
9.860000000019053,56.980000000013234
9.860000000019053,56.980000000013234
9.86000000001909,57.030000000013246
9.86000000001909,57.030000000013246
9.770000000019177,57.14500000001331
9.680000000019264,57.26000000001338
9.680000000019264,57.26000000001338
9.810000000019352,57.3750000000133
9.94000000001944,57.4900000000132
9.94000000001944,57.4900000000132
9.837500000019546,57.632500000013295
9.735000000019653,57.775000000013364
9.632500000019759,57.91750000001346
9.530000000019864,58.06000000001356
9.530000000019864,58.06000000001356
9.450000000019841,58.02000000001357
9.450000000019841,58.02000000001357
9.37000000001993,58.140000000013686
9.290000000020019,58.26000000001375
9.290000000020019,58.26000000001375
9.190000000019978,58.2050000000138
9.090000000019938,58.150000000013875
9.090000000019938,58.150000000013875
8.97500000002004,58.290000000014004
8.860000000020143,58.430000000014104
8.860000000020143,58.430000000014104
8.755000000020077,58.34000000001416
8.650000000020011,58.25000000001421
8.650000000020011,58.25000000001421
8.525000000020146,58.43000000001433
8.40000000002028,58.61000000001445
8.40000000002028,58.61000000001445
8.285000000020396,58.76500000001454
8.170000000020513,58.920000000014625
8.170000000020513,58.920000000014625
8.100000000020483,58.88000000001469
8.100000000020483,58.88000000001469
7.99000000002059,59.02333333334809
7.880000000020697,59.16666666668152
7.770000000020804,59.31000000001495
7.770000000020804,59.31000000001495
7.670000000020739,59.220000000015034
7.670000000020739,59.220000000015034
7.550084584834793,59.380128966208645
7.430169169648848,59.5402579324022
7.310253754462902,59.70038689859581
7.310253754462902,59.70038689859581
7.190169169649084,59.86025793240242
7.070084584835267,60.02012896620903
6.950000000021449,60.18000000001561
6.950000000021449,60.18000000001561
6.860000000021396,60.110000000015674
6.7700000000213425,60.04000000001574
6.7700000000213425,60.04000000001574
6.655000000021459,60.19750000001585
6.540000000021575,60.355000000015934
6.42500000002169,60.51250000001602
6.310000000021806,60.67000000001613
6.310000000021806,60.67000000001613
6.176666666688589,60.82666666668291
6.043333333355372,60.98333333334966
5.910000000022155,61.14000000001644
5.910000000022155,61.14000000001644
5.77000000002228,61.313333333349874
5.630000000022405,61.486666666683305
5.490000000022531,61.66000000001674
5.490000000022531,61.66000000001674
5.375000000022483,61.59500000001685
5.260000000022435,61.53000000001694
5.260000000022435,61.53000000001694
5.143333333355883,61.68666666668369
5.02666666668933,61.843333333350444
4.9100000000227775,62.000000000017195
4.9100000000227775,62.000000000017195
4.780000000022889,62.153333333350645
4.650000000022999,62.306666666684066
4.52000000002311,62.460000000017516
4.52000000002311,62.460000000017516
4.417500000023207,62.59500000001759
4.315000000023304,62.73000000001767
4.212500000023402,62.865000000017744
4.110000000023499,63.00000000001782
4.110000000023499,63.00000000001782
4.000000000023453,62.93500000001791
3.890000000023407,62.87000000001797
3.890000000023407,62.87000000001797
3.8033333333568504,63.02333333335139
3.716666666690293,63.17666666668478
3.6300000000237365,63.330000000018174
3.6300000000237365,63.330000000018174
3.70000000002378,63.39000000001812
3.70000000002378,63.39000000001812
3.6266666666905487,63.53333333335152
3.553333333357317,63.67666666668492
3.480000000024086,63.8200000000183
3.480000000024086,63.8200000000183
3.600000000024136,63.890000000018205
3.600000000024136,63.890000000018205
3.5050000000242654,64.0725000000183
3.410000000024395,64.25500000001836
3.315000000024524,64.43750000001842
3.2200000000246534,64.62000000001848
3.2200000000246534,64.62000000001848
3.3000000000246956,64.68000000001842
3.3000000000246956,64.68000000001842
3.1733333333581535,64.85666666668521
3.046666666691612,65.03333333335195
2.9200000000250697,65.21000000001871
2.9200000000250697,65.21000000001871
3.046666666691801,65.30333333335196
3.1733333333585327,65.3966666666852
3.300000000025264,65.49000000001845
3.300000000025264,65.49000000001845
3.190000000025374,65.6466666666852
3.080000000025484,65.80333333335196
2.970000000025594,65.96000000001871
2.970000000025594,65.96000000001871
2.8966666666923575,66.10000000001875
2.823333333359121,66.24000000001882
2.7500000000258846,66.38000000001887
2.7500000000258846,66.38000000001887
2.570000000025815,66.28000000001899
2.390000000025746,66.1800000000191
2.390000000025746,66.1800000000191
2.2200000000256797,66.08500000001922
2.0500000000256136,65.99000000001934
2.0500000000256136,65.99000000001934
1.9550000000257322,66.16000000001941
1.8600000000258508,66.33000000001948
1.8600000000258508,66.33000000001948
1.7400000000259683,66.50000000001955
1.6200000000260857,66.67000000001966
1.6200000000260857,66.67000000001966
1.4750000000260235,66.58000000001977
1.3300000000259613,66.49000000001985
1.3300000000259613,66.49000000001985
1.2433333333593821,66.61666666668657
1.1566666666928027,66.74333333335332
1.0700000000262235,66.87000000002004
1.0700000000262235,66.87000000002004
0.8950000000261511,66.76500000002017
0.7200000000260787,66.66000000002026
0.7200000000260787,66.66000000002026
0.5933333333595268,66.82666666668703
0.46666666669297496,66.99333333335377
0.3400000000264231,67.16000000002055
0.3400000000264231,67.16000000002055
0.2133333333596831,67.05333333335398
0.0866666666929431,66.94666666668738
-0.03999999997379694,66.84000000002081
-0.03999999997379692,66.84000000002081
-0.1399999999737121,66.96333333335423
-0.23999999997362725,67.08666666668762
-0.33999999997354247,67.21000000002101
-0.33999999997354247,67.21000000002101
-0.4599999999736077,67.1150000000211
-0.5799999999736729,67.02000000002118
-0.5799999999736729,67.02000000002118
-0.6949999999735632,67.18000000002127
-0.8099999999734536,67.34000000002132
-0.924999999973344,67.5000000000214
-1.0399999999732343,67.66000000002148
-1.0399999999732343,67.66000000002148
-1.1733333333066336,67.56333333335493
-1.3066666666400328,67.46666666668835
-1.4399999999734323,67.37000000002178
-1.4399999999734323,67.37000000002178
-1.5559194950813242,67.50811604867121
-1.6718389901892161,67.64623209732065
-1.787758485297108,67.78434814597011
-1.903677980405,67.92246419461952
-1.903677980405,67.92246419461952
-1.9099999999730504,67.93000000002209
-1.9099999999730504,67.93000000002209
-1.999999999973098,67.86000000002215
-2.089999999973146,67.79000000002219
-2.089999999973146,67.79000000002219
-2.2399999999730418,67.94333333335564
-2.3899999999729378,68.09666666668909
-2.5399999999728338,68.25000000002251
-2.5399999999728338,68.25000000002251
-2.6566666666395817,68.13000000002259
-2.7733333333063297,68.01000000002267
-2.8899999999730777,67.89000000002278
-2.8899999999730777,67.89000000002278
-3.043333333306325,68.01666666668953
-3.1966666666395716,68.14333333335628
-3.3499999999728187,68.27000000002306
-3.3499999999728187,68.27000000002306
-3.4899999999727287,68.4033333333565
-3.6299999999726387,68.53666666668988
-3.7699999999725486,68.67000000002332
-3.7699999999725486,68.67000000002332
-3.8866666666392877,68.56333333335675
-4.003333333306027,68.45666666669015
-4.119999999972766,68.35000000002356
-4.119999999972766,68.35000000002356
-4.26333333330601,68.483333333357
-4.406666666639253,68.61666666669043
-4.5499999999724965,68.75000000002387
-4.5499999999724965,68.75000000002387
-4.672499999972589,68.61250000002394
-4.794999999972681,68.47500000002404
-4.917499999972774,68.33750000002414
-5.039999999972867,68.2000000000242
-5.039999999972867,68.2000000000242
-5.183333333306108,68.33666666669097
-5.3266666666393485,68.47333333335774
-5.46999999997259,68.61000000002451
-5.46999999997259,68.61000000002451
-5.609999999972677,68.48000000002457
-5.749999999972766,68.35000000002469
-5.889999999972853,68.22000000002478
-5.889999999972853,68.22000000002478
-6.013333333306288,68.07333333335822
-6.136666666639721,67.92666666669163
-6.2599999999731555,67.78000000002504
-6.2599999999731555,67.78000000002504
-6.399999999973069,67.90750000002515
-6.539999999972983,68.03500000002524
-6.679999999972898,68.16250000002532
-6.819999999972811,68.2900000000254
15.622342629131747,-46.83156504326476
15.570055846519796,-46.77113906691511
15.570055846519796,-46.77113906691511
15.517641884889567,-46.565229300182324
15.465227923259338,-46.35931953344951
15.412813961629109,-46.15340976671672
15.36039999999888,-45.947499999983904
15.36039999999888,-45.947499999983904
15.337124999998917,-45.743124999983905
15.313849999998954,-45.53874999998391
15.290574999998992,-45.33437499998391
15.267299999999029,-45.12999999998391
15.267299999999029,-45.12999999998391
15.060433333332359,-45.13206666665053
14.85356666666569,-45.13413333331715
14.64669999999902,-45.13619999998377
14.64669999999902,-45.13619999998377
14.439833333332354,-45.13823333331709
14.232966666665689,-45.140266666650376
14.026099999999023,-45.14229999998366
14.026099999999023,-45.14229999998366
13.991699999999033,-45.06139999998365
13.991699999999033,-45.06139999998365
13.773066666665702,-45.057366666650296
13.55443333333237,-45.053333333316914
13.335799999999038,-45.04929999998353
13.335799999999038,-45.04929999998353
13.117166666665705,-45.045299999983484
12.898533333332374,-45.04129999998344
12.67989999999904,-45.03729999998339
12.67989999999904,-45.03729999998339
12.666324999999075,-44.843474999983385
12.65274999999911,-44.64964999998341
12.639174999999144,-44.455824999983406
12.625599999999178,-44.2619999999834
12.625599999999178,-44.2619999999834
12.450666666665844,-44.26716666665004
12.27573333333251,-44.27233333331668
12.100799999999177,-44.27749999998332
12.100799999999177,-44.27749999998332
12.093099999999211,-44.080999999983305
12.085399999999247,-43.88449999998332
12.085399999999247,-43.88449999998332
11.89233333333258,-43.8905333333166
11.699266666665913,-43.8965666666499
11.506199999999247,-43.90259999998318
11.506199999999247,-43.90259999998318
11.313133333332578,-43.90859999998315
11.12006666666591,-43.914599999983125
10.926999999999241,-43.9205999999831
10.926999999999241,-43.9205999999831
10.919833333332603,-43.76313333331643
10.912666666665963,-43.60566666664977
10.905499999999325,-43.4481999999831
10.905499999999325,-43.4481999999831
10.898066666666022,-43.29073333331644
10.890633333332717,-43.133266666649746
10.883199999999414,-42.97579999998308
10.883199999999414,-42.97579999998308
10.875533333332774,-42.81836666664975
10.867866666666135,-42.66093333331645
10.860199999999494,-42.50349999998312
10.860199999999494,-42.50349999998312
10.852299999999524,-42.346099999983096
10.844399999999554,-42.1886999999831
10.836499999999583,-42.03129999998308
10.836499999999583,-42.03129999998308
10.828366666666279,-41.873933333316415
10.820233333332975,-41.716566666649726
10.81209999999967,-41.559199999983065
10.81209999999967,-41.559199999983065
10.803699999999699,-41.401833333316404
10.795299999999726,-41.24446666664974
10.786899999999754,-41.08709999998308
10.786899999999754,-41.08709999998308
10.585022499999756,-41.08604999998303
10.383144999999757,-41.08499999998298
10.181267499999757,-41.08394999998296
9.979389999999759,-41.082899999982914
9.979389999999759,-41.082899999982914
9.972689999999794,-40.861499999982925
9.972689999999794,-40.861499999982925
9.778249999999794,-40.862599999982876
9.583809999999794,-40.86369999998283
9.389369999999793,-40.86479999998281
9.389369999999793,-40.86479999998281
9.372849999999831,-40.640199999982826
9.372849999999831,-40.640199999982826
9.195433333333163,-40.64419999998279
9.018016666666497,-40.64819999998275
8.84059999999983,-40.65219999998271
8.84059999999983,-40.65219999998271
8.832153333333196,-40.47466666664937
8.823706666666563,-40.297133333316026
8.81525999999993,-40.11959999998271
8.81525999999993,-40.11959999998271
8.615296666666595,-40.12666666664933
8.41533333333326,-40.133733333315945
8.215369999999925,-40.14079999998259
8.215369999999925,-40.14079999998259
8.209333333333289,-39.980799999982565
8.20329666666665,-39.82079999998257
8.197260000000014,-39.660799999982544
8.197260000000014,-39.660799999982544
8.191033333333376,-39.500799999982576
8.184806666666738,-39.34079999998255
8.1785800000001,-39.18079999998258
8.1785800000001,-39.18079999998258
8.172166666666795,-39.02083333331589
8.16575333333349,-38.86086666664923
8.159340000000185,-38.70089999998254
8.159340000000185,-38.70089999998254
8.15273666666688,-38.54093333331588
8.146133333333578,-38.380966666649215
8.139530000000274,-38.22099999998255
8.139530000000274,-38.22099999998255
7.921435000000274,-38.213749999982525
7.703340000000274,-38.20649999998247
7.703340000000274,-38.20649999998247
7.695343333333649,-37.98286666664916
7.687346666667024,-37.75923333331582
7.679350000000398,-37.53559999998248
7.679350000000398,-37.53559999998248
7.671006666667105,-37.311999999982476
7.662663333333811,-37.08839999998247
7.654320000000518,-36.864799999982495
7.654320000000518,-36.864799999982495
7.52760500000052,-36.85809999998244
7.400890000000521,-36.85139999998242
7.400890000000521,-36.85139999998242
7.391522500000557,-36.652974999982405
7.382155000000592,-36.45454999998242
7.372787500000628,-36.25612499998243
7.363420000000664,-36.05769999998242
7.363420000000664,-36.05769999998242
7.193320000000664,-36.05229999998238
7.023220000000665,-36.04689999998237
7.023220000000665,-36.04689999998237
7.001152500000698,-35.87679999998235
6.979085000000731,-35.70669999998236
6.957017500000766,-35.53659999998234
6.934950000000799,-35.36649999998235
6.934950000000799,-35.36649999998235
6.774440000000794,-35.36469999998232
6.6139300000007895,-35.36289999998229
6.6139300000007895,-35.36289999998229
6.614390000000829,-35.145599999982295
6.614850000000868,-34.9282999999823
6.615310000000908,-34.71099999998228
6.615770000000947,-34.49369999998228
6.615770000000947,-34.49369999998228
6.616227500000987,-34.276374999982295
6.616685000001027,-34.05904999998228
6.617142500001067,-33.84172499998229
6.617600000001106,-33.6243999999823
6.617600000001106,-33.6243999999823
6.4464700000011055,-33.62303333331559
6.275340000001106,-33.621666666648906
6.104210000001105,-33.620299999982194
6.104210000001105,-33.620299999982194
6.076190000001123,-33.513599999982205
6.076190000001123,-33.513599999982205
5.862825000001124,-33.51019999998215
5.649460000001126,-33.50679999998209
5.649460000001126,-33.50679999998209
5.648693333334491,-33.33053333331543
5.647926666667856,-33.154266666648766
5.647160000001222,-32.9779999999821
5.647160000001222,-32.9779999999821
5.4363125000012245,-32.96344999998206
5.225465000001227,-32.94889999998202
5.014617500001229,-32.934349999981976
4.803770000001232,-32.91979999998196
4.803770000001232,-32.91979999998196
4.592922500001234,-32.90527499998191
4.382075000001236,-32.89074999998189
4.171227500001238,-32.876224999981844
3.9603800000012397,-32.861699999981795
3.9603800000012397,-32.861699999981795
3.968886666667935,-32.70346666664847
3.97739333333463,-32.54523333331514
3.985900000001325,-32.38699999998178
3.985900000001325,-32.38699999998178
3.9943133333346874,-32.22873333331512
4.00272666666805,-32.070466666648485
4.0111400000014115,-31.912199999981823
4.0111400000014115,-31.912199999981823
4.019463333334773,-31.75393333331516
4.027786666668136,-31.59566666664847
4.036110000001497,-31.437399999981807
4.036110000001497,-31.437399999981807
4.044343333334859,-31.27909999998181
4.052576666668221,-31.120799999981784
4.060810000001583,-30.962499999981787
4.060810000001583,-30.962499999981787
3.859300000001586,-30.943574999981763
3.6577900000015893,-30.92464999998174
3.4562800000015925,-30.905724999981686
3.2547700000015958,-30.886799999981662
3.2547700000015958,-30.886799999981662
3.053262500001599,-30.867924999981625
2.851755000001602,-30.849049999981588
2.650247500001605,-30.83017499998155
2.448740000001608,-30.811299999981514
2.448740000001608,-30.811299999981514
2.2472275000016113,-30.792424999981478
2.045715000001615,-30.77354999998144
1.8442025000016184,-30.754674999981404
1.6426900000016218,-30.735799999981367
1.6426900000016218,-30.735799999981367
1.6337900000016536,-30.558574999981374
1.6248900000016853,-30.38134999998138
1.6159900000017169,-30.20412499998136
1.6070900000017487,-30.026899999981367
1.6070900000017487,-30.026899999981367
1.4046677500017535,-30.00024999998132
1.202245500001758,-29.973599999981303
0.9998232500017626,-29.946949999981257
0.7974010000017673,-29.92029999998124
0.7974010000017673,-29.92029999998124
0.810277500001799,-29.742624999981217
0.8231540000018307,-29.564949999981224
0.8360305000018624,-29.38727499998123
0.8489070000018941,-29.209599999981236
0.8489070000018941,-29.209599999981236
0.8749385000019325,-28.99382499998123
0.9009700000019709,-28.77804999998125
0.9270015000020094,-28.56227499998124
0.9530330000020478,-28.346499999981262
0.9530330000020478,-28.346499999981262
0.9711820000020784,-28.174633333314603
0.9893310000021092,-28.002766666647915
1.0074800000021398,-27.830899999981256
1.0074800000021398,-27.830899999981256
1.0256000000021703,-27.659033333314596
1.0437200000022007,-27.487166666647937
1.0618400000022312,-27.315299999981278
1.0618400000022312,-27.315299999981278
1.0861750000022685,-27.104974999981266
1.1105100000023058,-26.894649999981283
1.1348450000023433,-26.68432499998127
1.1591800000023806,-26.473999999981288
1.1591800000023806,-26.473999999981288
0.9939190000023886,-26.427674999981264
0.8286580000023966,-26.38134999998124
0.6633970000024045,-26.335024999981187
0.49813600000241254,-26.288699999981162
0.49813600000241254,-26.288699999981162
0.5174790000024496,-26.078833333314492
0.5368220000024868,-25.86896666664785
0.5561650000025239,-25.65909999998118
0.5561650000025239,-25.65909999998118
0.5754853333358941,-25.449199999981175
0.5948056666692645,-25.2392999999812
0.6141260000026347,-25.029399999981194
0.6141260000026347,-25.029399999981194
0.3994462500026437,-24.97719999998114
0.1847665000026527,-24.92499999998111
-0.029913249997338243,-24.872799999981083
-0.2445929999973293,-24.820599999981027
-0.24459299999732928,-24.820599999981027
-0.4592722499973203,-24.768374999981006
-0.6739514999973113,-24.716149999980956
-0.8886307499973023,-24.663924999980907
-1.1033099999972933,-24.611699999980885
-1.1033099999972933,-24.611699999980885
-1.0801633333305938,-24.424699999980874
-1.0570166666638943,-24.23769999998089
-1.0338699999971948,-24.05069999998088
-1.0338699999971948,-24.05069999998088
-1.010687999997162,-23.863699999980895
-0.9875059999971295,-23.67669999998091
-0.964323999997097,-23.489699999980928
-0.964323999997097,-23.489699999980928
-0.9363496666637313,-23.3049666666476
-0.9083753333303658,-23.120233333314246
-0.8804009999970002,-22.93549999998092
-0.8804009999970002,-22.93549999998092
-0.8523973333303015,-22.750766666647593
-0.8243936666636028,-22.566033333314266
-0.7963899999969042,-22.38129999998094
-0.7963899999969042,-22.38129999998094
-0.767347999996868,-22.17189999998095
-0.7383059999968317,-21.962499999980963
-0.7092639999967953,-21.753099999980975
-0.6802219999967591,-21.54369999998096
-0.6802219999967591,-21.54369999998096
-0.6496456666633956,-21.36806666664762
-0.619069333330032,-21.192433333314312
-0.5884929999966685,-21.016799999980975
-0.5884929999966685,-21.016799999980975
-0.5578983333299716,-20.841166666647638
-0.5273036666632748,-20.66553333331433
-0.49670899999657786,-20.48989999998099
-0.49670899999657786,-20.48989999998099
-0.45587624999654297,-20.28609999998099
-0.41504349999650814,-20.082299999981018
-0.3742107499964733,-19.878499999981017
-0.3333779999964384,-19.674699999981016
-0.3333779999964384,-19.674699999981016
-0.29406174999640333,-19.468449999981033
-0.2547454999963682,-19.26219999998102
-0.2154292499963331,-19.05594999998104
-0.17611299999629798,-18.849699999981055
-0.17611299999629798,-18.849699999981055
-0.14165929999627083,-18.68956666664772
-0.1072055999962437,-18.529433333314387
-0.07275189999621655,-18.36929999998108
-0.07275189999621655,-18.36929999998108
-0.03829813332952284,-18.209166666647747
-0.0038443666628291268,-18.049033333314412
0.030609400003864598,-17.888899999981078
0.030609400003864605,-17.888899999981078
0.07027460000389638,-17.70023333331443
0.10993980000392814,-17.511566666647752
0.14960500000395993,-17.322899999981104
0.14960500000395993,-17.322899999981104
0.18926566667065822,-17.134233333314455
0.2289263333373565,-16.945566666647778
0.26858700000405483,-16.75689999998113
0.26858700000405483,-16.75689999998113
0.2837670000040764,-16.62754999998114
0.29894700000409796,-16.498199999981125
0.29894700000409796,-16.498199999981125
0.0851602500041081,-16.4366999999811
-0.12862649999588177,-16.375199999981078
-0.3424132499958716,-16.313699999981026
-0.5561999999958616,-16.252199999981002
-0.5561999999958614,-16.252199999981002
-0.519630999995826,-16.037199999981
-0.519630999995826,-16.037199999981
-0.7274873333291485,-15.971666666647621
-0.935343666662471,-15.906133333314244
-1.1431999999957936,-15.840599999980867
-1.1431999999957936,-15.840599999980867
-1.1082199999957707,-15.702899999980872
-1.0732399999957478,-15.565199999980905
-1.0732399999957478,-15.565199999980905
-1.283329999995735,-15.487749999980878
-1.4934199999957223,-15.41029999998085
-1.4934199999957223,-15.41029999998085
-1.4452999999956915,-15.22257499998085
-1.3971799999956604,-15.03484999998085
-1.3490599999956294,-14.847124999980878
-1.3009399999955986,-14.659399999980877
-1.3009399999955986,-14.659399999980877
-1.2527649999955675,-14.471724999980864
-1.2045899999955365,-14.28404999998088
-1.1564149999955053,-14.096374999980895
-1.1082399999954742,-13.908699999980882
-1.1082399999954742,-13.908699999980882
-1.0600162499954437,-13.721024999980898
-1.0117924999954133,-13.533349999980913
-0.9635687499953829,-13.345674999980929
-0.9153449999953525,-13.157999999980916
-0.9153449999953525,-13.157999999980916
-1.112636666662007,-13.081933333314225
-1.3099283333286613,-13.005866666647563
-1.5072199999953158,-12.929799999980872
-1.5072199999953158,-12.929799999980872
-1.7045066666619695,-12.853666666647513
-1.9017933333286232,-12.777533333314125
-2.099079999995277,-12.701399999980765
-2.099079999995277,-12.701399999980765
-2.0478699999952488,-12.52229999998076
-1.9966599999952208,-12.343199999980783
-1.9454499999951926,-12.164099999980778
-1.9454499999951926,-12.164099999980778
-2.097049999995184,-12.109033333314073
-2.2486499999951755,-12.053966666647398
-2.4002499999951667,-11.998899999980694
-2.4002499999951667,-11.998899999980694
-2.551846666661823,-11.943799999980683
-2.7034433333284795,-11.888699999980645
-2.8550399999951357,-11.833599999980635
-2.8550399999951357,-11.833599999980635
-2.934244999995154,-11.931449999980629
-3.013449999995172,-12.029299999980623
-3.013449999995172,-12.029299999980623
-3.173209999995165,-11.985366666647252
-3.332969999995157,-11.94143333331391
-3.49272999999515,-11.897499999980539
-3.49272999999515,-11.897499999980539
-3.6524833333284765,-11.8534999999805
-3.8122366666618035,-11.80949999998046
-3.97198999999513,-11.765499999980449
-3.97198999999513,-11.765499999980449
-4.037509999995157,-11.93114999998042
-4.103029999995184,-12.09679999998042
-4.103029999995184,-12.09679999998042
-4.264496666661847,-12.0773999999804
-4.42596333332851,-12.057999999980382
-4.587429999995173,-12.038599999980363
-4.587429999995173,-12.038599999980363
-4.60881999999519,-12.144499999980354
-4.60881999999519,-12.144499999980354
-4.817194999995181,-12.08149999998031
-5.025569999995171,-12.018499999980264
-5.025569999995171,-12.018499999980264
-4.983939999995139,-11.811449999980283
-4.942309999995105,-11.604399999980302
-4.942309999995105,-11.604399999980302
-5.099886666661767,-11.57496666664693
-5.257463333328429,-11.545533333313585
-5.415039999995091,-11.516099999980241
-5.415039999995091,-11.516099999980241
-5.396049999995063,-11.341499999980215
-5.377059999995035,-11.166899999980217
-5.377059999995035,-11.166899999980217
-5.561443333328361,-11.118666666646845
-5.745826666661686,-11.070433333313503
-5.930209999995012,-11.022199999980131
-5.930209999995012,-11.022199999980131
-5.975219999995037,-11.144649999980146
-6.020229999995063,-11.267099999980132
-6.020229999995063,-11.267099999980132
-6.204027499995057,-11.24544999998011
-6.3878249999950505,-11.223799999980088
-6.571622499995045,-11.202149999980065
-6.755419999995039,-11.180499999980015
-6.755419999995039,-11.180499999980015
-6.806769999995074,-11.383699999980024
-6.858119999995109,-11.586899999980005
-6.909469999995144,-11.790099999979986
-6.96081999999518,-11.993299999979968
-6.96081999999518,-11.993299999979968
-7.011819999995209,-12.196674999979962
-7.06281999999524,-12.400049999979927
-7.11381999999527,-12.603424999979921
-7.1648199999952995,-12.806799999979916
-7.1648199999952995,-12.806799999979916
-7.215464999995333,-13.010349999979894
-7.266109999995365,-13.213899999979901
-7.316754999995398,-13.41744999997988
-7.367399999995431,-13.620999999979887
-7.367399999995431,-13.620999999979887
-7.541293333328756,-13.577133333313185
-7.715186666662082,-13.533266666646483
-7.889079999995407,-13.489399999979781
-7.889079999995407,-13.489399999979781
-8.062956666662068,-13.44539999997977
-8.236833333328727,-13.40139999997973
-8.410709999995387,-13.357399999979691
-8.410709999995387,-13.357399999979691
-8.37400999999536,-13.191099999979713
-8.37400999999536,-13.191099999979713
-8.586814999995354,-13.14907499997966
-8.799619999995347,-13.107049999979637
-9.012424999995341,-13.065024999979613
-9.225229999995335,-13.022999999979561
-9.225229999995335,-13.022999999979561
-9.250854999995354,-13.135599999979576
-9.276479999995372,-13.248199999979562
-9.276479999995372,-13.248199999979562
-9.4491333333287,-13.220899999979537
-9.621786666662029,-13.193599999979511
-9.794439999995356,-13.166299999979486
-9.794439999995356,-13.166299999979486
-9.824679999995388,-13.31509999997948
-9.824679999995388,-13.31509999997948
-10.02428499999538,-13.279724999979436
-10.223889999995373,-13.244349999979391
-10.423494999995366,-13.208974999979375
-10.62309999999536,-13.17359999997933
-10.62309999999536,-13.17359999997933
-10.822699999995354,-13.138024999979308
-11.022299999995347,-13.102449999979257
-11.221899999995342,-13.066874999979234
-11.421499999995337,-13.031299999979183
-11.421499999995337,-13.031299999979183
-11.46056666666203,-13.195633333312514
-11.499633333328724,-13.359966666645846
-11.538699999995417,-13.524299999979178
-11.538699999995417,-13.524299999979178
-11.577499999995444,-13.688766666645847
-11.616299999995473,-13.853233333312488
-11.6550999999955,-14.017699999979158
-11.6550999999955,-14.017699999979158
-11.693599999995527,-14.182299999979136
-11.732099999995553,-14.346899999979144
-11.77059999999558,-14.51149999997915
-11.77059999999558,-14.51149999997915
-11.80883333332894,-14.676266666645802
-11.8470666666623,-14.841033333312453
-11.88529999999566,-15.005799999979104
-11.88529999999566,-15.005799999979104
-12.036533333328988,-14.97309999997907
-12.187766666662318,-14.940399999979036
-12.338999999995647,-14.907699999979002
-12.338999999995647,-14.907699999979002
-12.319599999995635,-14.861099999979018
-12.319599999995635,-14.861099999979018
-12.487899999995632,-14.826049999978977
-12.656199999995629,-14.790999999978965
-12.656199999995629,-14.790999999978965
-12.616599999995607,-14.67054999997896
-12.576999999995584,-14.550099999978983
-12.576999999995584,-14.550099999978983
-12.790699999995576,-14.503466666645608
-13.00439999999557,-14.456833333312233
-13.218099999995562,-14.410199999978886
-13.218099999995562,-14.410199999978886
-13.265499999995592,-14.599599999978864
-13.265499999995592,-14.599599999978864
-13.422533333328927,-14.579433333312181
-13.57956666666226,-14.55926666664547
-13.736599999995594,-14.539099999978788
-13.736599999995594,-14.539099999978788
-13.893633333328921,-14.518866666645408
-14.050666666662249,-14.498633333312057
-14.207699999995576,-14.478399999978706
-14.207699999995576,-14.478399999978706
-14.164649999995543,-14.269499999978706
-14.12159999999551,-14.060599999978734
-14.078549999995476,-13.851699999978734
-14.035499999995443,-13.642799999978763
-14.035499999995443,-13.642799999978763
-14.238974999995435,-13.590899999978717
-14.442449999995425,-13.538999999978671
-14.645924999995417,-13.487099999978653
-14.84939999999541,-13.435199999978607
-14.84939999999541,-13.435199999978607
-15.052849999995399,-13.38292499997857
-15.256299999995388,-13.330649999978533
-15.45974999999538,-13.278374999978496
-15.663199999995369,-13.226099999978459
-15.663199999995369,-13.226099999978459
-15.6881999999954,-13.383499999978454
-15.6881999999954,-13.383499999978454
-15.862699999995387,-13.335199999978443
-16.037199999995376,-13.286899999978402
-16.211699999995364,-13.238599999978362
-16.211699999995364,-13.238599999978362
-16.24876666666206,-13.415799999978361
-16.285833333328753,-13.59299999997836
-16.32289999999545,-13.77019999997836
-16.32289999999545,-13.77019999997836
-16.35949999999548,-13.947599999978337
-16.396099999995517,-14.124999999978314
-16.43269999999555,-14.30239999997832
-16.43269999999555,-14.30239999997832
-16.598599999995542,-14.27024999997829
-16.764499999995536,-14.23809999997826
-16.764499999995536,-14.23809999997826
-16.776999999995567,-14.36879999997825
-16.776999999995567,-14.36879999997825
-16.97996666666222,-14.320599999978214
-17.182933333328876,-14.272399999978177
-17.38589999999553,-14.22419999997814
-17.38589999999553,-14.22419999997814
-17.588799999995523,-14.175666666644787
-17.79169999999552,-14.127133333311406
-17.99459999999551,-14.078599999978024
-17.99459999999551,-14.078599999978024
-17.960733333328815,-13.892033333311389
-17.926866666662118,-13.705466666644725
-17.89299999999542,-13.51889999997806
-17.89299999999542,-13.51889999997806
-17.85859999999539,-13.332533333311403
-17.82419999999536,-13.146166666644774
-17.78979999999533,-12.959799999978117
-17.78979999999533,-12.959799999978117
-17.95559999999532,-12.926466666644728
-18.121399999995315,-12.893133333311368
-18.287199999995305,-12.859799999978009
-18.287199999995305,-12.859799999978009
-18.452966666661972,-12.826299999977977
-18.618733333328635,-12.792799999977973
-18.7844999999953,-12.75929999997794
-18.7844999999953,-12.75929999997794
-18.765499999995278,-12.618249999977934
-18.746499999995255,-12.477199999977955
-18.746499999995255,-12.477199999977955
-18.944633333328582,-12.441566666644576
-19.142766666661906,-12.405933333311225
-19.340899999995234,-12.370299999977846
-19.340899999995234,-12.370299999977846
-19.539033333328565,-12.334399999977819
-19.737166666661892,-12.298499999977764
-19.935299999995223,-12.262599999977738
-19.935299999995223,-12.262599999977738
-19.880049999995194,-12.103599999977746
-19.824799999995165,-11.944599999977754
-19.824799999995165,-11.944599999977754
-19.975999999995164,-11.913799999977726
-20.12719999999516,-11.882999999977699
-20.27839999999516,-11.8521999999777
-20.27839999999516,-11.8521999999777
-20.299099999995175,-11.970799999977686
-20.299099999995175,-11.970799999977686
-20.518299999995165,-11.91889999997764
-20.737499999995155,-11.866999999977594
-20.956699999995145,-11.815099999977548
-21.175899999995135,-11.763199999977502
-21.175899999995135,-11.763199999977502
-21.192499999995157,-11.884899999977506
-21.20909999999518,-12.00659999997751
-21.20909999999518,-12.00659999997751
-21.384433333328506,-11.95423333331081
-21.55976666666183,-11.90186666664411
-21.735099999995157,-11.84949999997741
-21.735099999995157,-11.84949999997741
-21.75219999999516,-11.935899999977408
-21.75219999999516,-11.935899999977408
-21.952799999995158,-11.87754999997739
-22.153399999995155,-11.819199999977343
-22.153399999995155,-11.819199999977343
-22.191299999995184,-12.000899999977321
-22.22919999999521,-12.182599999977327
-22.26709999999524,-12.364299999977305
-22.26709999999524,-12.364299999977305
-22.30439999999527,-12.546266666643959
-22.341699999995296,-12.728233333310612
-22.378999999995326,-12.910199999977266
-22.378999999995326,-12.910199999977266
-22.50439999999532,-12.880649999977237
-22.629799999995313,-12.851099999977208
-22.629799999995313,-12.851099999977208
-22.663266666662008,-13.013999999977187
-22.6967333333287,-13.176899999977195
-22.730199999995396,-13.339799999977174
-22.730199999995396,-13.339799999977174
-22.76319999999542,-13.502966666643829
-22.796199999995448,-13.666133333310484
-22.829199999995474,-13.829299999977138
-22.829199999995474,-13.829299999977138
-23.007949999995468,-13.7878999999771
-23.18669999999546,-13.746499999977061
-23.36544999999545,-13.705099999977051
-23.544199999995445,-13.663699999977013
-23.544199999995445,-13.663699999977013
-23.514299999995433,-13.57029999997701
-23.514299999995433,-13.57029999997701
-23.724799999995422,-13.522166666643642
-23.935299999995415,-13.474033333310274
-24.145799999995404,-13.425899999976906
-24.145799999995404,-13.425899999976906
-24.356233333328735,-13.377299999976856
-24.566666666662066,-13.328699999976806
-24.777099999995396,-13.280099999976784
-24.777099999995396,-13.280099999976784
-24.813866666662086,-13.456933333310104
-24.85063333332878,-13.633766666643425
-24.88739999999547,-13.810599999976745
-24.88739999999547,-13.810599999976745
-25.077549999995462,-13.773749999976701
-25.267699999995457,-13.736899999976657
-25.457849999995453,-13.700049999976613
-25.647999999995445,-13.663199999976598
-25.647999999995445,-13.663199999976598
-25.69279999999548,-13.855849999976584
-25.737599999995517,-14.04849999997657
-25.737599999995517,-14.04849999997657
-25.949599999995506,-13.99027499997652
-26.16159999999549,-13.93204999997647
-26.373599999995477,-13.87382499997645
-26.585599999995466,-13.8155999999764
-26.585599999995466,-13.8155999999764
-26.564399999995448,-13.689599999976394
-26.564399999995448,-13.689599999976394
-26.78402499999544,-13.637774999976358
-27.003649999995435,-13.585949999976322
-27.22327499999543,-13.534124999976285
-27.442899999995422,-13.48229999997622
-27.442899999995422,-13.48229999997622
-27.662424999995416,-13.429624999976198
-27.881949999995406,-13.376949999976148
-28.1014749999954,-13.324274999976097
-28.320999999995394,-13.271599999976047
-28.320999999995394,-13.271599999976047
-28.285099999995364,-13.096266666642748
-28.24919999999533,-12.92093333330942
-28.2132999999953,-12.745599999976122
-28.2132999999953,-12.745599999976122
-28.39519999999529,-12.692349999976074
-28.577099999995283,-12.639099999976054
-28.75899999999527,-12.585849999976006
-28.940899999995263,-12.532599999975957
-28.940899999995263,-12.532599999975957
-28.99325363302083,-12.775183971630526
-29.0456072660464,-13.017767943285094
-29.097960899071968,-13.260351914939662
-29.097960899071968,-13.260351914939662
-29.14900127819998,-13.50366787036856
-29.200041657327994,-13.746983825797457
-29.251082036456005,-13.990299781226327
-29.251082036456005,-13.990299781226327
-29.45138935118761,-13.933531151237673
-29.65169666591922,-13.876762521248992
-29.852003980650828,-13.81999389126031
-29.852003980650828,-13.81999389126031
-29.828003596937894,-13.716165317729747
-29.828003596937894,-13.716165317729747
-29.994118136630362,-13.67277181705552
-30.160232676322828,-13.62937831638132
-30.326347216015296,-13.585984815707121
-30.492461755707765,-13.542591315032894
-30.492461755707765,-13.542591315032894
-30.65851802556402,-13.498601142257144
-30.824574295420273,-13.454610969481365
-30.990630565276525,-13.410620796705615
-31.15668683513278,-13.366630623929836
-31.15668683513278,-13.366630623929836
-31.179274682118773,-13.49889875381919
-31.179274682118773,-13.49889875381919
-31.37198348592946,-13.44817947873517
-31.564692289740144,-13.397460203651178
-31.757401093550826,-13.346740928567158
-31.95010989736151,-13.296021653483137
-32.142818701172196,-13.245302378399145
-32.142818701172196,-13.245302378399145
-32.18627878868909,-13.457963951786525
-32.22973887620597,-13.670625525173932
-32.27319896372286,-13.88328709856134
-32.27319896372286,-13.88328709856134
-32.31558694335558,-14.096553195638023
-32.357974922988284,-14.309819292714707
-32.400362902621,-14.523085389791419
-32.400362902621,-14.523085389791419
-32.5834704262556,-14.49721657278647
-32.766577949890205,-14.47134775578155
-32.94968547352481,-14.445478938776631
-32.94968547352481,-14.445478938776631
-33.13277680483527,-14.419286606619522
-33.315868136145724,-14.393094274462413
-33.49895946745618,-14.366901942305304
-33.49895946745618,-14.366901942305304
-33.53405690634511,-14.53440092701095
-33.56915434523403,-14.701899911716623
-33.56915434523403,-14.701899911716623
-33.727123498873866,-14.639674831884065
-33.88509265251369,-14.577449752051507
-34.043061806153524,-14.515224672218977
-34.043061806153524,-14.515224672218977
-34.107994704229604,-14.768139788309185
-34.17292760230568,-15.02105490439942
-34.23786050038176,-15.273970020489628
-34.23786050038176,-15.273970020489628
-34.38829494872196,-15.21051920728138
-34.53872939706218,-15.147068394073102
-34.68916384540238,-15.083617580864853
-34.68916384540238,-15.083617580864853
-34.77030849138112,-15.265875786841946
-34.77030849138112,-15.265875786841946
-34.976328534456144,-15.183055461757675
-35.18234857753117,-15.100235136673376
-35.18234857753117,-15.100235136673376
-35.22285926678378,-15.33243864265333
-35.263369956036385,-15.564642148633283
-35.303880645288984,-15.796845654613207
-35.34439133454159,-16.02904916059316
-35.34439133454159,-16.02904916059316
-35.38311878739164,-16.26216540405636
-35.42184624024168,-16.495281647519533
-35.46057369309172,-16.728397890982734
-35.499301145941764,-16.961514134445906
-35.499301145941764,-16.961514134445906
-35.55392789779307,-17.20866169653553
-35.60855464964438,-17.455809258625152
-35.66318140149569,-17.702956820714746
-35.66318140149569,-17.702956820714746
-35.82490805562101,-17.57939464046251
-35.986634709746326,-17.455832460210274
-36.148361363871636,-17.33227027995804
-36.310088017996954,-17.208708099705802
-36.47181467212227,-17.085145919453566
-36.47181467212227,-17.085145919453566
-36.517178231424936,-17.262813565532895
-36.56254179072759,-17.440481211612223
-36.56254179072759,-17.440481211612223
-36.75238227764987,-17.387040184049823
-36.94222276457216,-17.333599156487395
-36.94222276457216,-17.333599156487395
-37.15823888271043,-17.283527697465246
-37.3742550008487,-17.23345623844307
-37.3742550008487,-17.23345623844307
-37.42334316452841,-17.383240411988766
-37.472431328208124,-17.53302458553449
-37.472431328208124,-17.53302458553449
-37.656667438393036,-17.484675832327554
-37.84090354857794,-17.436327079120616
-38.02513965876285,-17.38797832591368
-38.02513965876285,-17.38797832591368
-38.16577621583053,-17.275255292523923
-38.30641277289821,-17.162532259134167
-38.44704932996589,-17.04980922574441
-38.44704932996589,-17.04980922574441
-38.401302841489766,-16.798771588446698
-38.401302841489766,-16.798771588446698
-38.47984503647439,-16.579670441120953
-38.558387231459,-16.360569293795237
-38.558387231459,-16.360569293795237
-38.720685206355434,-16.20231184263787
-38.882983181251866,-16.0440543914805
-38.882983181251866,-16.0440543914805
-39.03874953030819,-16.017813135532265
-39.19451587936451,-15.991571879584058
-39.35028222842083,-15.965330623635822
-39.35028222842083,-15.965330623635822
-39.51548271146042,-15.943836971773521
-39.68068319450002,-15.92234331991122
-39.68068319450002,-15.92234331991122
-39.73539760738872,-16.168620843931308
-39.79011202027742,-16.414898367951423
-39.79011202027742,-16.414898367951423
-39.951049548012826,-16.433157237359694
-40.11198707574824,-16.451416106767994
-40.272924603483645,-16.469674976176265
-40.272924603483645,-16.469674976176265
-40.31960932975325,-16.668536819268894
-40.366294056022845,-16.867398662361552
-40.366294056022845,-16.867398662361552
-40.577503905961294,-16.84195910512497
-40.78871375589974,-16.81651954788842
-40.78871375589974,-16.81651954788842
-40.971270043648246,-16.781857032188384
-41.15382633139676,-16.74719451648832
-41.33638261914527,-16.712532000788286
-41.51893890689377,-16.67786948508825
-41.51893890689377,-16.67786948508825
-41.66276270429252,-16.50438327773702
-41.80658650169126,-16.33089707038576
-41.80658650169126,-16.33089707038576
-41.98371918770104,-16.292108961420098
-42.160851873710826,-16.253320852454465
-42.33798455972061,-16.214532743488803
-42.33798455972061,-16.214532743488803
-42.51446953655822,-16.28638088726001
-42.69095451339583,-16.358229031031215
-42.86743949023344,-16.43007717480242
-42.86743949023344,-16.43007717480242
-43.04077596513167,-16.396533516089846
-43.21411244002991,-16.3629898573773
-43.38744891492814,-16.329446198664726
-43.38744891492814,-16.329446198664726
-43.53524608272586,-16.287099427438392
-43.68304325052359,-16.244752656212086
-43.68304325052359,-16.244752656212086
-43.862381755401984,-16.180650791778106
-44.04172026028038,-16.116548927344127
-44.221058765158766,-16.052447062910147
-44.40039727003716,-15.988345198476168
-44.579735774915555,-15.924243334042217
-44.579735774915555,-15.924243334042217
-44.75888939334529,-15.858134196632989
-44.93804301177502,-15.79202505922376
-45.11719663020476,-15.725915921814533
-45.29635024863449,-15.659806784405305
-45.475503867064226,-15.593697646996077
-45.475503867064226,-15.593697646996077
-45.44086131478611,-15.36047790264638
-45.40621876250799,-15.127258158296655
-45.371576210229875,-14.89403841394693
-45.371576210229875,-14.89403841394693
-45.54724557365892,-14.834492907752377
-45.72291493708797,-14.774947401557853
-45.898584300517015,-14.7154018953633
-45.898584300517015,-14.7154018953633
-45.864805197514464,-14.413599904857449
-45.831026094511905,-14.11179791435157
-45.797246991509354,-13.80999592384569
-45.797246991509354,-13.80999592384569
-45.97534678653867,-13.762327615557467
-46.15344658156799,-13.714659307269244
-46.331546376597316,-13.66699099898102
-46.509646171626635,-13.619322690692826
-46.68774596665595,-13.571654382404603
-46.68774596665595,-13.571654382404603
-46.86574346963616,-13.522388364288616
-47.04374097261637,-13.47312234617263
-47.221738475596574,-13.423856328056644
-47.399735978576786,-13.374590309940686
-47.57773348155699,-13.3253242918247
-47.57773348155699,-13.3253242918247
-47.534253704710395,-13.039960031745494
-47.490773927863806,-12.754595771666317
-47.44729415101721,-12.469231511587111
-47.40381437417062,-12.183867251507934
-47.36033459732403,-11.898502991428728
-47.36033459732403,-11.898502991428728
-47.31334352368018,-11.61557473727126
-47.266352450036344,-11.332646483113763
-47.2193613763925,-11.049718228956294
-47.17237030274866,-10.766789974798826
-47.125379229104816,-10.483861720641357
-47.125379229104816,-10.483861720641357
-47.29973352277261,-10.421070500516947
-47.47408781644041,-10.358279280392566
-47.648442110108206,-10.295488060268156
-47.822796403776,-10.232696840143745
-47.822796403776,-10.232696840143745
-47.997010008157616,-10.168196084822057
-48.17122361253924,-10.103695329500368
-48.34543721692086,-10.03919457417868
-48.51965082130247,-9.974693818856991
-48.51965082130247,-9.974693818856991
-48.69371627698892,-9.908394380141345
-48.867781732675375,-9.842094941425671
-49.04184718836183,-9.775795502710025
-49.21591264404828,-9.70949606399438
-49.21591264404828,-9.70949606399438
-49.17429473813027,-9.447107307705124
-49.13267683221227,-9.18471855141587
-49.09105892629426,-8.922329795126586
-49.09105892629426,-8.922329795126586
-49.04766600870922,-8.661285420062597
-49.00427309112419,-8.40024104499858
-48.96088017353915,-8.139196669934591
-48.96088017353915,-8.139196669934591
-49.12166148366822,-8.080578141896183
-49.282442793797294,-8.021959613857774
-49.282442793797294,-8.021959613857774
-49.270319180412024,-7.960491854467762
-49.270319180412024,-7.960491854467762
-49.397701975807834,-7.909440686235456
-49.397701975807834,-7.909440686235456
-49.54375546644915,-7.849782018257855
-49.68980895709046,-7.790123350280226
-49.83586244773178,-7.730464682302625
-49.83586244773178,-7.730464682302625
-49.9472973938001,-7.6840939744885475
-50.05873233986843,-7.637723266674499
-50.05873233986843,-7.637723266674499
-50.001387290585264,-7.432716250198212
-50.001387290585264,-7.432716250198212
-50.20418031313732,-7.341420090877023
-50.406973335689386,-7.250123931555834
-50.609766358241444,-7.158827772234616
-50.609766358241444,-7.158827772234616
-50.5625304408675,-6.910562810231966
-50.51529452349355,-6.662297848229315
-50.51529452349355,-6.662297848229315
-50.47135911566369,-6.437210830968809
-50.427423707833825,-6.212123813708331
-50.427423707833825,-6.212123813708331
-50.37346749931257,-5.941988231357499
-50.31951129079131,-5.6718526490066665
-50.31951129079131,-5.6718526490066665
-50.267796332179444,-5.420674467576731
-50.21608137356758,-5.169496286146824
-50.21608137356758,-5.169496286146824
-50.399515315175705,-5.078135305169496
-50.58294925678383,-4.98677432419214
-50.76638319839196,-4.895413343214813
-50.94981714000008,-4.804052362237485
-51.1332510816082,-4.712691381260157
-51.1332510816082,-4.712691381260157
-51.31631472348855,-4.617631155742686
-51.499378365368905,-4.522570930225214
-51.68244200724925,-4.427510704707743
-51.8655056491296,-4.332450479190243
-52.048569291009954,-4.237390253672771
-52.048569291009954,-4.237390253672771
-51.97899054497208,-3.9555667628517313
-51.97899054497208,-3.9555667628517313
-52.175270434132464,-3.82837300101761
-52.37155032329285,-3.701179239183489
-52.567830212453245,-3.5739854773493676
-52.76411010161363,-3.446791715515218
-52.76411010161363,-3.446791715515218
-52.95982591354087,-3.314933874289636
-53.15554172546811,-3.183076033064083
-53.351257537395355,-3.051218191838501
-53.54697334932259,-2.9193603506129193
-53.54697334932259,-2.9193603506129193
-53.74208722497301,-2.7825402035182663
-53.937201100623426,-2.645720056423613
-54.13231497627385,-2.50889990932896
-54.32742885192427,-2.372079762234307
-54.32742885192427,-2.372079762234307
-54.23604432183093,-2.0421232801103315
-54.14465979173759,-1.712166797986356
-54.05327526164425,-1.3822103158623804
-54.05327526164425,-1.3822103158623804
-54.204190055145226,-1.2046275942067837
-54.3551048486462,-1.0270448725511585
-54.50601964214717,-0.8494621508955333
-54.65693443564815,-0.6718794292399366
-54.65693443564815,-0.6718794292399366
-54.76032795133435,-0.5471946827552756
-54.86372146702055,-0.42250993627064304
-54.86372146702055,-0.42250993627064304
-54.8657585452427,-0.4201894352618183
56.7003053119184,-33.75429453127799
56.70073115331349,-33.77167453757778
56.70073115331349,-33.77167453757778
56.713746533504136,-34.06155803245625
56.72676191369478,-34.35144152733474
56.739777293885425,-34.64132502221324
56.739777293885425,-34.64132502221324
56.530950762840206,-34.72011766874385
56.322124231794994,-34.79891031527447
56.11329770074978,-34.877702961805085
55.904471169704564,-34.9564956083357
55.904471169704564,-34.9564956083357
55.69545192564068,-35.03196425698695
55.486432681576794,-35.107432905638206
55.277413437512905,-35.18290155428946
55.06839419344902,-35.25837020294068
55.06839419344902,-35.25837020294068
54.86409679249453,-35.293709873733405
54.659799391540034,-35.3290495445261
54.45550199058554,-35.364389215318795
54.251204589631044,-35.39972888611149
54.251204589631044,-35.39972888611149
54.046867454055516,-35.43369517616304
53.84253031847999,-35.467661466214565
53.63819318290446,-35.50162775626609
53.43385604732893,-35.53559404631761
53.43385604732893,-35.53559404631761
53.229481826927596,-35.56827830160074
53.02510760652627,-35.60096255688387
52.82073338612494,-35.633646812167
52.61635916572361,-35.6663310674501
52.61635916572361,-35.6663310674501
52.59624951524641,-35.66394505119371
65.694312606911,-18.01967795014724
65.61649045647513,-18.318818569136624
65.53866830603927,-18.617959188126065
65.53866830603927,-18.617959188126065
65.46869333137016,-18.857242775339103
65.39871835670105,-19.09652636255217
65.39871835670105,-19.09652636255217
65.30791505245625,-19.446135642653132
65.21711174821147,-19.795744922754125
65.21711174821147,-19.795744922754125
65.13851421988815,-20.114678988696568
65.05991669156482,-20.43361305463901
64.98131916324151,-20.752547120581454
64.98131916324151,-20.752547120581454
64.87347015419495,-21.011912960785594
64.7656211451484,-21.271278800989734
64.65777213610184,-21.530644641193874
64.65777213610184,-21.530644641193874
64.52468829009135,-21.82361668885153
64.39160444408084,-22.116588736509215
64.25852059807033,-22.40956078416687
64.12543675205984,-22.702532831824527
64.12543675205984,-22.702532831824527
63.99008891725334,-22.984400181359206
63.854741082446836,-23.266267530893884
63.71939324764034,-23.548134880428563
63.58404541283384,-23.830002229963213
63.58404541283384,-23.830002229963213
63.4082548681416,-24.13464016439525
63.232464323449356,-24.439278098827288
63.056673778757116,-24.743916033259325
63.056673778757116,-24.743916033259325
62.878990512164194,-25.037659760078782
62.70130724557127,-25.331403486898267
62.52362397897835,-25.625147213717725
62.52362397897835,-25.625147213717725
62.344156561156474,-25.908514784859307
62.1646891433346,-26.19188235600089
61.98522172551272,-26.47524992714247
61.98522172551272,-26.47524992714247
61.84559275649656,-26.68772450577103
61.7059637874804,-26.90019908439956
61.56633481846424,-27.11267366302809
61.426705849448076,-27.32514824165665
61.426705849448076,-27.32514824165665
61.28579973402367,-27.53011692735376
61.144893618599255,-27.735085613050842
61.00398750317485,-27.940054298747953
60.86308138775044,-28.145022984445063
60.86308138775044,-28.145022984445063
60.7209712805839,-28.342853107081112
60.578861173417366,-28.540683229717132
60.436751066250835,-28.738513352353152
60.2946409590843,-28.936343474989172
60.2946409590843,-28.936343474989172
60.13869480495605,-29.165602519079158
59.98274865082781,-29.394861563169115
59.82680249669957,-29.6241206072591
59.67085634257133,-29.85337965134906
59.51491018844308,-30.082638695439016
59.51491018844308,-30.082638695439016
59.36130561430268,-30.28216877330152
59.20770104016228,-30.481698851163998
59.054096466021875,-30.681228929026474
59.054096466021875,-30.681228929026474
58.899596917845216,-30.87546166386312
58.745097369668564,-31.069694398699767
58.590597821491905,-31.26392713353644
58.590597821491905,-31.26392713353644
58.46596031815065,-31.493715809939033
58.3413228148094,-31.723504486341625
58.3413228148094,-31.723504486341625
58.19287917640665,-31.923761290065812
58.044435538003896,-32.12401809378997
57.89599189960115,-32.32427489751416
57.747548261198396,-32.524531701238345
57.59910462279564,-32.72478850496253
57.59910462279564,-32.72478850496253
57.638585513611,-33.04017156835832
57.638585513611,-33.04017156835832
57.45517840988812,-33.14228494631803
57.27177130616524,-33.24439832427774
57.088364202442364,-33.34651170223745
56.904957098719485,-33.44862508019716
56.904957098719485,-33.44862508019716
56.92940089619503,-33.6170308235329
56.92940089619503,-33.6170308235329
56.717645786918894,-33.74717500085842
56.717645786918894,-33.74717500085842
56.7003053119184,-33.75429453127799
-60.66785891276705,-29.18370053530981
-60.6843743939404,-28.824952003741117
-60.700889875113745,-28.466203472172424
-60.717405356287095,-28.107454940603702
-60.733920837460445,-27.74870640903498
-60.733920837460445,-27.74870640903498
-60.748328764557904,-27.328435741705277
-60.76273669165536,-26.908165074375574
-60.777144618752814,-26.487894407045843
-60.79155254585027,-26.06762373971614
-60.79155254585027,-26.06762373971614
-60.800691414008455,-25.646115687112626
-60.80983028216664,-25.22460763450914
-60.81896915032482,-24.803099581905627
-60.828108018483,-24.381591529302113
-60.828108018483,-24.381591529302113
-60.831957873722246,-23.959398334399765
-60.83580772896149,-23.537205139497388
-60.83965758420074,-23.11501194459504
-60.84350743943998,-22.692818749692663
-60.84350743943998,-22.692818749692663
-60.84205984604124,-22.27049863579819
-60.84061225264249,-21.84817852190369
-60.83916465924374,-21.42585840800922
-60.837717065845,-21.00353829411472
-60.837717065845,-21.00353829411472
-60.83097519782626,-20.58165059585295
-60.82423332980752,-20.15976289759118
-60.81749146178878,-19.73787519932941
-60.81074959377004,-19.31598750106764
-60.81074959377004,-19.31598750106764
-60.62219449382543,-19.28574687089929
-60.433639393880824,-19.255506240730966
-60.245084293936216,-19.225265610562644
-60.05652919399161,-19.195024980394294
-60.05652919399161,-19.195024980394294
-60.05324971827496,-18.824134669596646
-60.04997024255831,-18.453244358798997
-60.046690766841664,-18.08235404800132
-60.046690766841664,-18.08235404800132
-59.863499769611316,-18.078435500807615
-59.68030877238096,-18.07451695361388
-59.49711777515061,-18.070598406420174
-59.49711777515061,-18.070598406420174
-59.51120962365519,-17.635792592217882
-59.52530147215976,-17.20098677801559
-59.52530147215976,-17.20098677801559
-59.3854849351218,-17.174998394433203
-59.24566839808384,-17.149010010850787
-59.24566839808384,-17.149010010850787
-59.23771028748486,-16.717487017975344
-59.22975217688587,-16.28596402509993
-59.22179406628688,-15.854441032224486
-59.22179406628688,-15.854441032224486
-59.02260256539384,-15.84321383181404
-58.8234110645008,-15.831986631403595
-58.62421956360777,-15.82075943099315
-58.42502806271472,-15.809532230582704
-58.42502806271472,-15.809532230582704
-58.43291166631736,-15.424659943715056
-58.440795269919995,-15.039787656847409
-58.44867887352263,-14.654915369979761
-58.44867887352263,-14.654915369979761
-58.45310002816624,-14.269639070687646
-58.45752118280984,-13.884362771395502
-58.46194233745345,-13.499086472103386
-58.46194233745345,-13.499086472103386
-58.31114278708068,-13.498023890540054
-58.16034323670791,-13.496961308976694
-58.16034323670791,-13.496961308976694
-58.14068869848292,-13.145293915598984
-58.12103416025792,-12.793626522221246
-58.10137962203293,-12.441959128843536
-58.08172508380794,-12.090291735465797
-58.08172508380794,-12.090291735465797
-58.05821401724773,-11.740321433323828
-58.03470295068752,-11.390351131181887
-58.01119188412731,-11.040380829039918
-57.987680817567096,-10.69041052689795
-57.987680817567096,-10.69041052689795
-57.96694938192798,-10.279285574190567
-57.94621794628887,-9.868160621483213
-57.92548651064975,-9.457035668775859
-57.904755075010634,-9.045910716068505
-57.904755075010634,-9.045910716068505
-57.87873851821573,-8.636919262608387
-57.85272196142081,-8.22792780914827
-57.826705404625905,-7.818936355688123
-57.800688847831,-7.4099449022280055
-57.800688847831,-7.4099449022280055
-57.59399840655749,-7.391257533261779
-57.38730796528399,-7.372570164295553
-57.18061752401048,-7.353882795329355
-57.18061752401048,-7.353882795329355
-57.17253898070629,-7.0172218981771834
-57.1644604374021,-6.6805610010250405
-57.156381894097905,-6.3439001038728975
-57.14830335079372,-6.007239206720726
-57.14830335079372,-6.007239206720726
-56.9764100994192,-5.999385113540683
-56.80451684804468,-5.991531020360611
-56.63262359667016,-5.9836769271805395
-56.46073034529564,-5.975822834000496
-56.46073034529564,-5.975822834000496
-56.44369916466184,-5.572192680681155
-56.42666798402803,-5.168562527361843
-56.40963680339423,-4.76493237404253
-56.39260562276043,-4.361302220723218
-56.39260562276043,-4.361302220723218
-56.22111588216737,-4.357431495931195
-56.0496261415743,-4.3535607711391435
-55.878136400981234,-4.349690046347121
-55.706646660388174,-4.345819321555098
-55.706646660388174,-4.345819321555098
-55.677909653012605,-3.989697433192333
-55.649172645637044,-3.6335755448295686
-55.62043563826148,-3.2774536564668324
-55.591698630885915,-2.921331768104068
-55.591698630885915,-2.921331768104068
-55.55290979937043,-2.5733044788734674
-55.51412096785495,-2.2252771896428385
-55.51412096785495,-2.2252771896428385
-55.3720800574154,-1.963602693203427
-55.23003914697585,-1.701928196763987
-55.0879982365363,-1.4402537003245754
-55.0879982365363,-1.4402537003245754
-54.94431030290691,-1.1841289432963436
-54.800622369277534,-0.9280041862681401
-54.65693443564815,-0.6718794292399366
70.05004499007659,-6.8957253986228295
70.11536791876301,-7.39969184225842
70.18069084744945,-7.903658285893982
70.2460137761359,-8.407624729529573
70.31133670482232,-8.911591173165135
70.31133670482232,-8.911591173165135
70.37089371297279,-9.427985282211012
70.43045072112326,-9.94437939125686
70.49000772927374,-10.460773500302736
70.5495647374242,-10.977167609348612
70.5495647374242,-10.977167609348612
70.60314131837352,-11.505239105145733
70.65671789932284,-12.033310600942855
70.71029448027215,-12.561382096739976
70.76387106122147,-13.089453592537097
70.76387106122147,-13.089453592537097
70.71652889354303,-13.410666002167574
70.71652889354303,-13.410666002167574
70.59552344101722,-13.597001997499547
70.47451798849141,-13.783337992831548
70.47451798849141,-13.783337992831548
70.32097324724836,-13.91310667844698
70.16742850600532,-14.042875364062382
70.16742850600532,-14.042875364062382
69.99401271471606,-14.201706678374478
69.8205969234268,-14.360537992686574
69.8205969234268,-14.360537992686574
69.69239964124284,-14.477654998095232
69.5642023590589,-14.59477200350392
69.5642023590589,-14.59477200350392
69.40614951157602,-14.756505331089159
69.24809666409314,-14.918238658674369
69.24809666409314,-14.918238658674369
69.10753623754621,-15.065800771819141
68.9669758109993,-15.213362884963914
68.9669758109993,-15.213362884963914
68.84953503581441,-15.375397276290528
68.73209426062952,-15.537431667617113
68.73209426062952,-15.537431667617113
68.61760653228148,-15.744279928618255
68.50311880393346,-15.951128189619396
68.50311880393346,-15.951128189619396
68.36496512305531,-16.134483429876212
68.22681144217717,-16.31783867013303
68.22681144217717,-16.31783867013303
68.08370681742373,-16.537350019142593
67.9406021926703,-16.75686136815213
67.9406021926703,-16.75686136815213
67.81469331857934,-16.963419985746583
67.68878444448839,-17.169978603341036
67.68878444448839,-17.169978603341036
67.53442282134692,-17.326007731572474
67.38006119820545,-17.482036859803912
67.38006119820545,-17.482036859803912
67.2382088202436,-17.601286241123972
67.09635644228175,-17.720535622444004
67.09635644228175,-17.720535622444004
66.96996630347415,-17.768443097908687
66.84357616466656,-17.81635057337337
66.84357616466656,-17.81635057337337
66.70451451802974,-17.886122493925996
66.56545287139292,-17.955894414478593
66.56545287139292,-17.955894414478593
66.37777039737117,-18.00896721714622
66.19008792334942,-18.06204001981385
66.19008792334942,-18.06204001981385
66.0259950676762,-18.02953139349222
65.86190221200297,-17.99702276717059
65.86190221200297,-17.99702276717059
65.694312606911,-18.01967795014724
30.903877784906406,-114.35936441244236
30.82548076844654,-114.24916447602806
30.747083751986672,-114.13896453961374
30.747083751986672,-114.13896453961374
30.612939969156407,-113.99512054432842
30.478796186326147,-113.8512765490431
30.478796186326147,-113.8512765490431
30.36699330082442,-113.71586589111321
30.25519041532269,-113.58045523318333
30.143387529820963,-113.44504457525343
30.143387529820963,-113.44504457525343
29.974413288456326,-113.34198883330515
29.805439047091685,-113.23893309135686
29.805439047091685,-113.23893309135686
29.602134838894894,-113.17520568569498
29.398830630698104,-113.11147828003308
29.398830630698104,-113.11147828003308
29.263013458612754,-113.10848163757801
29.1271962865274,-113.10548499512294
29.1271962865274,-113.10548499512294
28.958687384414418,-112.94581002480814
28.958687384414418,-112.94581002480814
28.891570611466115,-112.82765256687112
28.82445383851781,-112.7094951089341
28.82445383851781,-112.7094951089341
28.740116440181147,-112.61090314067792
28.655779041844486,-112.51231117242173
28.655779041844486,-112.51231117242173
28.537467712986547,-112.39430856236204
28.41915638412861,-112.27630595230235
28.41915638412861,-112.27630595230235
28.28373736091918,-112.15879019912762
28.14831833770975,-112.0412744459529
28.14831833770975,-112.0412744459529
28.029709067581074,-111.94385903956069
27.911099797452398,-111.8464436331685
27.911099797452398,-111.8464436331685
27.809292948476582,-111.71116265709131
27.707486099500766,-111.57588168101412
27.707486099500766,-111.57588168101412
27.62246929297578,-111.46041251749992
27.537452486450796,-111.34494335398573
27.537452486450796,-111.34494335398573
27.401522471707366,-111.24910265596482
27.26559245696394,-111.15326195794391
27.26559245696394,-111.15326195794391
27.09631356322095,-111.19167819532943
27.09631356322095,-111.19167819532943
26.89267802476008,-111.11561849652736
26.89267802476008,-111.11561849652736
26.68902991870544,-111.0399200580138
26.68902991870544,-111.0399200580138
26.60340981575527,-110.88816086984801
26.517789712805104,-110.73640168168221
26.517789712805104,-110.73640168168221
26.347571911127137,-110.6236293225871
26.347571911127137,-110.6236293225871
26.193628101030995,-110.45455601822349
26.039684290934854,-110.28548271385986
26.039684290934854,-110.28548271385986
25.947786584149085,-110.14816115233214
25.855888877363313,-110.01083959080441
25.763991170577544,-109.87351802927668
25.763991170577544,-109.87351802927668
25.59369407131634,-109.8007022031133
25.59369407131634,-109.8007022031133
25.47414135832717,-109.72740385450098
25.354588645338,-109.65410550588867
25.354588645338,-109.65410550588867
25.251012076007864,-109.52459415447511
25.147435506677727,-109.39508280306156
25.147435506677727,-109.39508280306156
24.993188403068622,-109.28587443022953
24.838941299459513,-109.1766660573975
24.838941299459513,-109.1766660573975
24.678854061168895,-109.06837918939317
24.518766822878277,-108.96009232138886
24.35867958458766,-108.85180545338453
24.35867958458766,-108.85180545338453
24.18622972549947,-108.70770718015474
24.013779866411276,-108.56360890692494
23.841330007323087,-108.41951063369515
23.841330007323087,-108.41951063369515
23.70354705369659,-108.32486320343745
23.565764100070094,-108.23021577317975
23.427981146443596,-108.13556834292204
23.427981146443596,-108.13556834292204
23.275976130921865,-108.03193654534516
23.123971115400135,-107.9283047477683
51.58654464287878,-130.86353070780274
51.61210000000082,-130.85000000000377
51.61210000000082,-130.85000000000377
51.779051091115555,-130.73197726546286
51.94600218223029,-130.61395453092197
52.11295327334502,-130.49593179638106
52.11295327334502,-130.49593179638106
52.27954285022466,-130.3752300265551
52.44613242710429,-130.25452825672917
52.612722003983926,-130.13382648690322
